epoch,iter,loss,ts
0,0,7.916482925415039,2019-02-17 00:33:21
0,1,7.86222505569458,2019-02-17 00:33:21
0,2,7.808352947235107,2019-02-17 00:33:21
0,3,7.754868030548096,2019-02-17 00:33:21
0,4,7.7017951011657715,2019-02-17 00:33:21
0,5,7.649165153503418,2019-02-17 00:33:21
0,6,7.596930980682373,2019-02-17 00:33:21
0,7,7.545076370239258,2019-02-17 00:33:21
0,8,7.4936442375183105,2019-02-17 00:33:21
0,9,7.442636489868164,2019-02-17 00:33:21
0,10,7.392029762268066,2019-02-17 00:33:21
0,11,7.3418426513671875,2019-02-17 00:33:21
0,12,7.292057514190674,2019-02-17 00:33:21
0,13,7.242710113525391,2019-02-17 00:33:21
0,14,7.193783283233643,2019-02-17 00:33:21
0,15,7.145268440246582,2019-02-17 00:33:21
0,16,7.097170352935791,2019-02-17 00:33:21
0,17,7.049516677856445,2019-02-17 00:33:21
0,18,7.002298831939697,2019-02-17 00:33:21
0,19,6.955491542816162,2019-02-17 00:33:21
0,20,6.9091105461120605,2019-02-17 00:33:21
0,21,6.863144397735596,2019-02-17 00:33:21
0,22,6.817605018615723,2019-02-17 00:33:21
0,23,6.7725043296813965,2019-02-17 00:33:21
0,24,6.72783088684082,2019-02-17 00:33:21
0,25,6.683566093444824,2019-02-17 00:33:21
0,26,6.6396942138671875,2019-02-17 00:33:21
0,27,6.596235275268555,2019-02-17 00:33:21
0,28,6.553172588348389,2019-02-17 00:33:21
0,29,6.510505199432373,2019-02-17 00:33:21
0,30,6.468225955963135,2019-02-17 00:33:21
0,31,6.4263129234313965,2019-02-17 00:33:21
0,32,6.384761333465576,2019-02-17 00:33:21
0,33,6.343590259552002,2019-02-17 00:33:21
0,34,6.3028178215026855,2019-02-17 00:33:21
0,35,6.262414455413818,2019-02-17 00:33:21
0,36,6.222369194030762,2019-02-17 00:33:21
0,37,6.1827006340026855,2019-02-17 00:33:21
0,38,6.143412113189697,2019-02-17 00:33:21
0,39,6.104518413543701,2019-02-17 00:33:21
0,40,6.065998077392578,2019-02-17 00:33:21
0,41,6.027836322784424,2019-02-17 00:33:21
0,42,5.9900288581848145,2019-02-17 00:33:21
0,43,5.952574253082275,2019-02-17 00:33:21
0,44,5.91549015045166,2019-02-17 00:33:21
0,45,5.878759860992432,2019-02-17 00:33:21
0,46,5.842349052429199,2019-02-17 00:33:21
0,47,5.806252479553223,2019-02-17 00:33:21
0,48,5.770462512969971,2019-02-17 00:33:21
0,49,5.734996318817139,2019-02-17 00:33:21
0,50,5.699864387512207,2019-02-17 00:33:21
0,51,5.665052890777588,2019-02-17 00:33:21
0,52,5.6305365562438965,2019-02-17 00:33:21
0,53,5.5963358879089355,2019-02-17 00:33:21
0,54,5.562423229217529,2019-02-17 00:33:21
0,55,5.528794288635254,2019-02-17 00:33:21
0,56,5.495450973510742,2019-02-17 00:33:21
0,57,5.462390422821045,2019-02-17 00:33:21
0,58,5.429603576660156,2019-02-17 00:33:21
0,59,5.397085666656494,2019-02-17 00:33:21
0,60,5.364855766296387,2019-02-17 00:33:21
0,61,5.3329033851623535,2019-02-17 00:33:21
0,62,5.301220417022705,2019-02-17 00:33:21
0,63,5.269802570343018,2019-02-17 00:33:21
0,64,5.2386345863342285,2019-02-17 00:33:21
0,65,5.207714557647705,2019-02-17 00:33:21
0,66,5.177046775817871,2019-02-17 00:33:21
0,67,5.146646976470947,2019-02-17 00:33:21
0,68,5.116506576538086,2019-02-17 00:33:21
0,69,5.086610794067383,2019-02-17 00:33:21
0,70,5.056947231292725,2019-02-17 00:33:21
0,71,5.027519226074219,2019-02-17 00:33:21
0,72,4.9983320236206055,2019-02-17 00:33:21
0,73,4.9694132804870605,2019-02-17 00:33:21
0,74,4.940732479095459,2019-02-17 00:33:21
0,75,4.9122748374938965,2019-02-17 00:33:21
0,76,4.884051322937012,2019-02-17 00:33:21
0,77,4.856062889099121,2019-02-17 00:33:21
0,78,4.8282952308654785,2019-02-17 00:33:21
0,79,4.800732612609863,2019-02-17 00:33:21
0,80,4.77339506149292,2019-02-17 00:33:21
0,81,4.746273517608643,2019-02-17 00:33:21
0,82,4.719361782073975,2019-02-17 00:33:21
0,83,4.692669868469238,2019-02-17 00:33:21
0,84,4.666194438934326,2019-02-17 00:33:22
0,85,4.63993501663208,2019-02-17 00:33:22
0,86,4.613893032073975,2019-02-17 00:33:22
0,87,4.588062763214111,2019-02-17 00:33:22
0,88,4.562441825866699,2019-02-17 00:33:22
0,89,4.537032604217529,2019-02-17 00:33:22
0,90,4.511816501617432,2019-02-17 00:33:22
0,91,4.486794948577881,2019-02-17 00:33:22
0,92,4.4619646072387695,2019-02-17 00:33:22
0,93,4.437318801879883,2019-02-17 00:33:22
0,94,4.412850379943848,2019-02-17 00:33:22
0,95,4.388572692871094,2019-02-17 00:33:22
0,96,4.3644819259643555,2019-02-17 00:33:22
0,97,4.340569019317627,2019-02-17 00:33:22
0,98,4.316836357116699,2019-02-17 00:33:22
0,99,4.293280124664307,2019-02-17 00:33:22
0,100,4.269890785217285,2019-02-17 00:33:22
0,101,4.246669292449951,2019-02-17 00:33:22
0,102,4.223617076873779,2019-02-17 00:33:22
0,103,4.200728893280029,2019-02-17 00:33:22
0,104,4.177992343902588,2019-02-17 00:33:22
0,105,4.155407428741455,2019-02-17 00:33:22
0,106,4.132971286773682,2019-02-17 00:33:22
0,107,4.110690593719482,2019-02-17 00:33:22
0,108,4.088565349578857,2019-02-17 00:33:22
0,109,4.066601753234863,2019-02-17 00:33:22
0,110,4.044787406921387,2019-02-17 00:33:22
0,111,4.023127555847168,2019-02-17 00:33:22
0,112,4.0016069412231445,2019-02-17 00:33:22
0,113,3.9802258014678955,2019-02-17 00:33:22
0,114,3.958981990814209,2019-02-17 00:33:22
0,115,3.9378836154937744,2019-02-17 00:33:22
0,116,3.9169156551361084,2019-02-17 00:33:22
0,117,3.8960819244384766,2019-02-17 00:33:22
0,118,3.875394344329834,2019-02-17 00:33:22
0,119,3.854851484298706,2019-02-17 00:33:22
0,120,3.8344385623931885,2019-02-17 00:33:22
0,121,3.8141605854034424,2019-02-17 00:33:22
0,122,3.794018507003784,2019-02-17 00:33:22
0,123,3.7740070819854736,2019-02-17 00:33:22
0,124,3.7541134357452393,2019-02-17 00:33:22
0,125,3.7343437671661377,2019-02-17 00:33:22
0,126,3.714704990386963,2019-02-17 00:33:22
0,127,3.695197820663452,2019-02-17 00:33:22
0,128,3.675799608230591,2019-02-17 00:33:22
0,129,3.6565115451812744,2019-02-17 00:33:22
0,130,3.6373400688171387,2019-02-17 00:33:22
0,131,3.6182689666748047,2019-02-17 00:33:22
0,132,3.5992989540100098,2019-02-17 00:33:22
0,133,3.5804269313812256,2019-02-17 00:33:22
0,134,3.561659812927246,2019-02-17 00:33:22
0,135,3.5430054664611816,2019-02-17 00:33:22
0,136,3.5244498252868652,2019-02-17 00:33:22
0,137,3.5059974193573,2019-02-17 00:33:22
0,138,3.4876339435577393,2019-02-17 00:33:22
0,139,3.469369411468506,2019-02-17 00:33:22
0,140,3.451206922531128,2019-02-17 00:33:22
0,141,3.4331440925598145,2019-02-17 00:33:22
0,142,3.4151771068573,2019-02-17 00:33:22
0,143,3.397306442260742,2019-02-17 00:33:22
0,144,3.3795228004455566,2019-02-17 00:33:22
0,145,3.361833333969116,2019-02-17 00:33:22
0,146,3.344228982925415,2019-02-17 00:33:22
0,147,3.3267126083374023,2019-02-17 00:33:22
0,148,3.3092849254608154,2019-02-17 00:33:22
0,149,3.2919318675994873,2019-02-17 00:33:22
0,150,3.2746644020080566,2019-02-17 00:33:22
0,151,3.257485866546631,2019-02-17 00:33:22
0,152,3.240399122238159,2019-02-17 00:33:22
0,153,3.2234113216400146,2019-02-17 00:33:22
0,154,3.20651912689209,2019-02-17 00:33:22
0,155,3.1897172927856445,2019-02-17 00:33:22
0,156,3.1730029582977295,2019-02-17 00:33:22
0,157,3.156372308731079,2019-02-17 00:33:22
0,158,3.1398253440856934,2019-02-17 00:33:22
0,159,3.123351573944092,2019-02-17 00:33:22
0,160,3.106947422027588,2019-02-17 00:33:22
0,161,3.090613842010498,2019-02-17 00:33:22
0,162,3.0743610858917236,2019-02-17 00:33:22
0,163,3.0581843852996826,2019-02-17 00:33:22
0,164,3.0420877933502197,2019-02-17 00:33:22
0,165,3.026074171066284,2019-02-17 00:33:22
0,166,3.0101513862609863,2019-02-17 00:33:22
0,167,2.994307041168213,2019-02-17 00:33:22
0,168,2.978536367416382,2019-02-17 00:33:22
0,169,2.962841033935547,2019-02-17 00:33:22
0,170,2.9472172260284424,2019-02-17 00:33:23
0,171,2.931671142578125,2019-02-17 00:33:23
0,172,2.9162025451660156,2019-02-17 00:33:23
0,173,2.9008078575134277,2019-02-17 00:33:23
0,174,2.8854782581329346,2019-02-17 00:33:23
0,175,2.87022066116333,2019-02-17 00:33:23
0,176,2.8550288677215576,2019-02-17 00:33:23
0,177,2.839902877807617,2019-02-17 00:33:23
0,178,2.824840784072876,2019-02-17 00:33:23
0,179,2.8098409175872803,2019-02-17 00:33:23
0,180,2.7948999404907227,2019-02-17 00:33:23
0,181,2.780017614364624,2019-02-17 00:33:23
0,182,2.7652087211608887,2019-02-17 00:33:23
0,183,2.7504687309265137,2019-02-17 00:33:23
0,184,2.7357850074768066,2019-02-17 00:33:23
0,185,2.7211670875549316,2019-02-17 00:33:23
0,186,2.706622838973999,2019-02-17 00:33:23
0,187,2.692138910293579,2019-02-17 00:33:23
0,188,2.677704095840454,2019-02-17 00:33:23
0,189,2.6633224487304688,2019-02-17 00:33:23
0,190,2.6489999294281006,2019-02-17 00:33:23
0,191,2.6347391605377197,2019-02-17 00:33:23
0,192,2.620548725128174,2019-02-17 00:33:23
0,193,2.606430768966675,2019-02-17 00:33:23
0,194,2.5923590660095215,2019-02-17 00:33:23
0,195,2.57833194732666,2019-02-17 00:33:23
0,196,2.564349889755249,2019-02-17 00:33:23
0,197,2.5504205226898193,2019-02-17 00:33:23
0,198,2.5365545749664307,2019-02-17 00:33:23
0,199,2.522749185562134,2019-02-17 00:33:23
0,200,2.509009838104248,2019-02-17 00:33:23
0,201,2.495333194732666,2019-02-17 00:33:23
0,202,2.481705665588379,2019-02-17 00:33:23
0,203,2.4681293964385986,2019-02-17 00:33:23
0,204,2.4546101093292236,2019-02-17 00:33:23
0,205,2.441157341003418,2019-02-17 00:33:23
0,206,2.427753210067749,2019-02-17 00:33:23
0,207,2.4144036769866943,2019-02-17 00:33:23
0,208,2.40110182762146,2019-02-17 00:33:23
0,209,2.387836456298828,2019-02-17 00:33:23
0,210,2.3746178150177,2019-02-17 00:33:23
0,211,2.361447334289551,2019-02-17 00:33:23
0,212,2.3483223915100098,2019-02-17 00:33:23
0,213,2.3352510929107666,2019-02-17 00:33:23
0,214,2.32222580909729,2019-02-17 00:33:23
0,215,2.3092546463012695,2019-02-17 00:33:23
0,216,2.296342372894287,2019-02-17 00:33:23
0,217,2.2834792137145996,2019-02-17 00:33:23
0,218,2.270659923553467,2019-02-17 00:33:23
0,219,2.2578940391540527,2019-02-17 00:33:23
0,220,2.245168447494507,2019-02-17 00:33:23
0,221,2.2324869632720947,2019-02-17 00:33:23
0,222,2.2198450565338135,2019-02-17 00:33:23
0,223,2.2072489261627197,2019-02-17 00:33:23
0,224,2.1947009563446045,2019-02-17 00:33:23
0,225,2.1821963787078857,2019-02-17 00:33:23
0,226,2.169736385345459,2019-02-17 00:33:23
0,227,2.157320737838745,2019-02-17 00:33:23
0,228,2.144946813583374,2019-02-17 00:33:23
0,229,2.1326217651367188,2019-02-17 00:33:23
0,230,2.1203510761260986,2019-02-17 00:33:23
0,231,2.1081225872039795,2019-02-17 00:33:23
0,232,2.0959360599517822,2019-02-17 00:33:23
0,233,2.083794355392456,2019-02-17 00:33:23
0,234,2.0716943740844727,2019-02-17 00:33:23
0,235,2.059640884399414,2019-02-17 00:33:23
0,236,2.0476348400115967,2019-02-17 00:33:23
0,237,2.035682201385498,2019-02-17 00:33:23
0,238,2.023777723312378,2019-02-17 00:33:23
0,239,2.011910915374756,2019-02-17 00:33:23
0,240,2.00008225440979,2019-02-17 00:33:23
0,241,1.9882930517196655,2019-02-17 00:33:23
0,242,1.976552963256836,2019-02-17 00:33:23
0,243,1.964843511581421,2019-02-17 00:33:23
0,244,1.95317542552948,2019-02-17 00:33:23
0,245,1.941556453704834,2019-02-17 00:33:23
0,246,1.929976224899292,2019-02-17 00:33:23
0,247,1.9184340238571167,2019-02-17 00:33:23
0,248,1.906938076019287,2019-02-17 00:33:23
0,249,1.8954960107803345,2019-02-17 00:33:23
0,250,1.8840910196304321,2019-02-17 00:33:23
0,251,1.8727232217788696,2019-02-17 00:33:23
0,252,1.8614070415496826,2019-02-17 00:33:23
0,253,1.8501431941986084,2019-02-17 00:33:23
0,254,1.838925838470459,2019-02-17 00:33:23
0,255,1.827751636505127,2019-02-17 00:33:24
0,256,1.8166227340698242,2019-02-17 00:33:24
0,257,1.8055399656295776,2019-02-17 00:33:24
0,258,1.7945001125335693,2019-02-17 00:33:24
0,259,1.7835044860839844,2019-02-17 00:33:24
0,260,1.7725415229797363,2019-02-17 00:33:24
0,261,1.7616194486618042,2019-02-17 00:33:24
0,262,1.750732660293579,2019-02-17 00:33:24
0,263,1.7398689985275269,2019-02-17 00:33:24
0,264,1.7290427684783936,2019-02-17 00:33:24
0,265,1.7182588577270508,2019-02-17 00:33:24
0,266,1.7075166702270508,2019-02-17 00:33:24
0,267,1.6968053579330444,2019-02-17 00:33:24
0,268,1.686133623123169,2019-02-17 00:33:24
0,269,1.6755059957504272,2019-02-17 00:33:24
0,270,1.6649291515350342,2019-02-17 00:33:24
0,271,1.6543934345245361,2019-02-17 00:33:24
0,272,1.643899917602539,2019-02-17 00:33:24
0,273,1.6334547996520996,2019-02-17 00:33:24
0,274,1.6230579614639282,2019-02-17 00:33:24
0,275,1.6127030849456787,2019-02-17 00:33:24
0,276,1.6023809909820557,2019-02-17 00:33:24
0,277,1.5921002626419067,2019-02-17 00:33:24
0,278,1.5818747282028198,2019-02-17 00:33:24
0,279,1.5716876983642578,2019-02-17 00:33:24
0,280,1.561545968055725,2019-02-17 00:33:24
0,281,1.551438331604004,2019-02-17 00:33:24
0,282,1.5413684844970703,2019-02-17 00:33:24
0,283,1.5313353538513184,2019-02-17 00:33:24
0,284,1.521336555480957,2019-02-17 00:33:24
0,285,1.5113681554794312,2019-02-17 00:33:24
0,286,1.5014393329620361,2019-02-17 00:33:24
0,287,1.4915469884872437,2019-02-17 00:33:24
0,288,1.4816898107528687,2019-02-17 00:33:24
0,289,1.4718704223632812,2019-02-17 00:33:24
0,290,1.4620836973190308,2019-02-17 00:33:24
0,291,1.4523429870605469,2019-02-17 00:33:24
0,292,1.4426507949829102,2019-02-17 00:33:24
0,293,1.4330047369003296,2019-02-17 00:33:24
0,294,1.4234064817428589,2019-02-17 00:33:24
0,295,1.413848638534546,2019-02-17 00:33:24
0,296,1.4043360948562622,2019-02-17 00:33:24
0,297,1.394858956336975,2019-02-17 00:33:24
0,298,1.385435938835144,2019-02-17 00:33:24
0,299,1.3760676383972168,2019-02-17 00:33:24
0,300,1.3667527437210083,2019-02-17 00:33:24
0,301,1.3574892282485962,2019-02-17 00:33:24
0,302,1.348275065422058,2019-02-17 00:33:24
0,303,1.3390929698944092,2019-02-17 00:33:24
0,304,1.3299521207809448,2019-02-17 00:33:24
0,305,1.320852279663086,2019-02-17 00:33:24
0,306,1.3118003606796265,2019-02-17 00:33:24
0,307,1.3028112649917603,2019-02-17 00:33:24
0,308,1.2938709259033203,2019-02-17 00:33:24
0,309,1.2849810123443604,2019-02-17 00:33:24
0,310,1.276132345199585,2019-02-17 00:33:24
0,311,1.2673211097717285,2019-02-17 00:33:24
0,312,1.2585467100143433,2019-02-17 00:33:24
0,313,1.2498066425323486,2019-02-17 00:33:24
0,314,1.241104006767273,2019-02-17 00:33:24
0,315,1.2324479818344116,2019-02-17 00:33:24
0,316,1.2238441705703735,2019-02-17 00:33:24
0,317,1.2152810096740723,2019-02-17 00:33:24
0,318,1.2067625522613525,2019-02-17 00:33:24
0,319,1.198287010192871,2019-02-17 00:33:24
0,320,1.1898643970489502,2019-02-17 00:33:24
0,321,1.181487798690796,2019-02-17 00:33:24
0,322,1.17315673828125,2019-02-17 00:33:24
0,323,1.1648727655410767,2019-02-17 00:33:24
0,324,1.1566261053085327,2019-02-17 00:33:24
0,325,1.148424506187439,2019-02-17 00:33:24
0,326,1.1402667760849,2019-02-17 00:33:24
0,327,1.1321580410003662,2019-02-17 00:33:24
0,328,1.1240954399108887,2019-02-17 00:33:24
0,329,1.116085410118103,2019-02-17 00:33:24
0,330,1.108119010925293,2019-02-17 00:33:24
0,331,1.1002029180526733,2019-02-17 00:33:24
0,332,1.0923479795455933,2019-02-17 00:33:24
0,333,1.0845428705215454,2019-02-17 00:33:24
0,334,1.0767803192138672,2019-02-17 00:33:24
0,335,1.069065809249878,2019-02-17 00:33:24
0,336,1.061397671699524,2019-02-17 00:33:24
0,337,1.0537797212600708,2019-02-17 00:33:24
0,338,1.0462054014205933,2019-02-17 00:33:24
0,339,1.0386792421340942,2019-02-17 00:33:24
0,340,1.0312092304229736,2019-02-17 00:33:24
0,341,1.0238019227981567,2019-02-17 00:33:25
0,342,1.0164542198181152,2019-02-17 00:33:25
0,343,1.0091583728790283,2019-02-17 00:33:25
0,344,1.001921534538269,2019-02-17 00:33:25
0,345,0.9947386384010315,2019-02-17 00:33:25
0,346,0.9876086711883545,2019-02-17 00:33:25
0,347,0.98053377866745,2019-02-17 00:33:25
0,348,0.9735022187232971,2019-02-17 00:33:25
0,349,0.9665161967277527,2019-02-17 00:33:25
0,350,0.9595890045166016,2019-02-17 00:33:25
0,351,0.9527133107185364,2019-02-17 00:33:25
0,352,0.9458833932876587,2019-02-17 00:33:25
0,353,0.9391047358512878,2019-02-17 00:33:25
0,354,0.9323688745498657,2019-02-17 00:33:25
0,355,0.9256777763366699,2019-02-17 00:33:25
0,356,0.9190443158149719,2019-02-17 00:33:25
0,357,0.9124574065208435,2019-02-17 00:33:25
0,358,0.9059282541275024,2019-02-17 00:33:25
0,359,0.8994540572166443,2019-02-17 00:33:25
0,360,0.8930308222770691,2019-02-17 00:33:25
0,361,0.8866601586341858,2019-02-17 00:33:25
0,362,0.8803436160087585,2019-02-17 00:33:25
0,363,0.8740788698196411,2019-02-17 00:33:25
0,364,0.8678642511367798,2019-02-17 00:33:25
0,365,0.8617045283317566,2019-02-17 00:33:25
0,366,0.8555994629859924,2019-02-17 00:33:25
0,367,0.8495466709136963,2019-02-17 00:33:25
0,368,0.8435388207435608,2019-02-17 00:33:25
0,369,0.8375780582427979,2019-02-17 00:33:25
0,370,0.8316577672958374,2019-02-17 00:33:25
0,371,0.8257862329483032,2019-02-17 00:33:25
0,372,0.8199611902236938,2019-02-17 00:33:25
0,373,0.814172625541687,2019-02-17 00:33:25
0,374,0.8084269762039185,2019-02-17 00:33:25
0,375,0.8027222752571106,2019-02-17 00:33:25
0,376,0.7970525622367859,2019-02-17 00:33:25
0,377,0.7914173603057861,2019-02-17 00:33:25
0,378,0.7858202457427979,2019-02-17 00:33:25
0,379,0.780267059803009,2019-02-17 00:33:25
0,380,0.7747589349746704,2019-02-17 00:33:25
0,381,0.769295334815979,2019-02-17 00:33:25
0,382,0.7638784050941467,2019-02-17 00:33:25
0,383,0.7585060596466064,2019-02-17 00:33:25
0,384,0.753174364566803,2019-02-17 00:33:25
0,385,0.7478814125061035,2019-02-17 00:33:25
0,386,0.7426312565803528,2019-02-17 00:33:25
0,387,0.7374193072319031,2019-02-17 00:33:25
0,388,0.7322470545768738,2019-02-17 00:33:25
0,389,0.7271124720573425,2019-02-17 00:33:25
0,390,0.7220245003700256,2019-02-17 00:33:25
0,391,0.7169824838638306,2019-02-17 00:33:25
0,392,0.7119812965393066,2019-02-17 00:33:25
0,393,0.7070239782333374,2019-02-17 00:33:25
0,394,0.7021051645278931,2019-02-17 00:33:25
0,395,0.6972271800041199,2019-02-17 00:33:25
0,396,0.6923946738243103,2019-02-17 00:33:25
0,397,0.6876066327095032,2019-02-17 00:33:25
0,398,0.6828606128692627,2019-02-17 00:33:25
0,399,0.6781523823738098,2019-02-17 00:33:25
0,400,0.6734833717346191,2019-02-17 00:33:25
0,401,0.6688476800918579,2019-02-17 00:33:25
0,402,0.6642575860023499,2019-02-17 00:33:25
0,403,0.6597158312797546,2019-02-17 00:33:25
0,404,0.65521639585495,2019-02-17 00:33:25
0,405,0.6507570147514343,2019-02-17 00:33:25
0,406,0.6463339924812317,2019-02-17 00:33:25
0,407,0.6419501900672913,2019-02-17 00:33:25
0,408,0.637604296207428,2019-02-17 00:33:25
0,409,0.633298933506012,2019-02-17 00:33:25
0,410,0.6290401816368103,2019-02-17 00:33:25
0,411,0.6248221397399902,2019-02-17 00:33:25
0,412,0.620640754699707,2019-02-17 00:33:25
0,413,0.6165006756782532,2019-02-17 00:33:25
0,414,0.6123995184898376,2019-02-17 00:33:25
0,415,0.6083365082740784,2019-02-17 00:33:25
0,416,0.6043059825897217,2019-02-17 00:33:25
0,417,0.6003052592277527,2019-02-17 00:33:25
0,418,0.5963321924209595,2019-02-17 00:33:25
0,419,0.5923858880996704,2019-02-17 00:33:25
0,420,0.5884680151939392,2019-02-17 00:33:25
0,421,0.5845779180526733,2019-02-17 00:33:25
0,422,0.5807181596755981,2019-02-17 00:33:25
0,423,0.576892077922821,2019-02-17 00:33:25
0,424,0.573103666305542,2019-02-17 00:33:25
0,425,0.5693486332893372,2019-02-17 00:33:25
0,426,0.5656206011772156,2019-02-17 00:33:26
0,427,0.5619239211082458,2019-02-17 00:33:26
0,428,0.5582549571990967,2019-02-17 00:33:26
0,429,0.554614245891571,2019-02-17 00:33:26
0,430,0.55101078748703,2019-02-17 00:33:26
0,431,0.5474433302879333,2019-02-17 00:33:26
0,432,0.5439103245735168,2019-02-17 00:33:26
0,433,0.5404166579246521,2019-02-17 00:33:26
0,434,0.5369650721549988,2019-02-17 00:33:26
0,435,0.5335515141487122,2019-02-17 00:33:26
0,436,0.5301690697669983,2019-02-17 00:33:26
0,437,0.5268262028694153,2019-02-17 00:33:26
0,438,0.5235172510147095,2019-02-17 00:33:26
0,439,0.5202399492263794,2019-02-17 00:33:26
0,440,0.5169920921325684,2019-02-17 00:33:26
0,441,0.5137736797332764,2019-02-17 00:33:26
0,442,0.5105870366096497,2019-02-17 00:33:26
0,443,0.5074324011802673,2019-02-17 00:33:26
0,444,0.5043092370033264,2019-02-17 00:33:26
0,445,0.5012197494506836,2019-02-17 00:33:26
0,446,0.4981675148010254,2019-02-17 00:33:26
0,447,0.49515172839164734,2019-02-17 00:33:26
0,448,0.49216872453689575,2019-02-17 00:33:26
0,449,0.4892166256904602,2019-02-17 00:33:26
0,450,0.4862988293170929,2019-02-17 00:33:26
0,451,0.48341578245162964,2019-02-17 00:33:26
0,452,0.4805671274662018,2019-02-17 00:33:26
0,453,0.4777539074420929,2019-02-17 00:33:26
0,454,0.47496962547302246,2019-02-17 00:33:26
0,455,0.4722123146057129,2019-02-17 00:33:26
0,456,0.4694862961769104,2019-02-17 00:33:26
0,457,0.46679210662841797,2019-02-17 00:33:26
0,458,0.4641290307044983,2019-02-17 00:33:26
0,459,0.4614960849285126,2019-02-17 00:33:26
0,460,0.45889517664909363,2019-02-17 00:33:26
0,461,0.4563240706920624,2019-02-17 00:33:26
0,462,0.45378005504608154,2019-02-17 00:33:26
0,463,0.451264888048172,2019-02-17 00:33:26
0,464,0.44877889752388,2019-02-17 00:33:26
0,465,0.4463191330432892,2019-02-17 00:33:26
0,466,0.44388672709465027,2019-02-17 00:33:26
0,467,0.4414823353290558,2019-02-17 00:33:26
0,468,0.4391045570373535,2019-02-17 00:33:26
0,469,0.43675073981285095,2019-02-17 00:33:26
0,470,0.4344254434108734,2019-02-17 00:33:26
0,471,0.43212640285491943,2019-02-17 00:33:26
0,472,0.4298507273197174,2019-02-17 00:33:26
0,473,0.4275989830493927,2019-02-17 00:33:26
0,474,0.4253706634044647,2019-02-17 00:33:26
0,475,0.423165887594223,2019-02-17 00:33:26
0,476,0.4209807217121124,2019-02-17 00:33:26
0,477,0.4188164472579956,2019-02-17 00:33:26
0,478,0.4166732430458069,2019-02-17 00:33:26
0,479,0.4145508110523224,2019-02-17 00:33:26
0,480,0.41244956851005554,2019-02-17 00:33:26
0,481,0.41036924719810486,2019-02-17 00:33:26
0,482,0.40830928087234497,2019-02-17 00:33:26
0,483,0.4062667191028595,2019-02-17 00:33:26
0,484,0.4042394161224365,2019-02-17 00:33:26
0,485,0.402230829000473,2019-02-17 00:33:26
0,486,0.40024039149284363,2019-02-17 00:33:26
0,487,0.39826664328575134,2019-02-17 00:33:26
0,488,0.39630934596061707,2019-02-17 00:33:26
0,489,0.39436638355255127,2019-02-17 00:33:26
0,490,0.3924392759799957,2019-02-17 00:33:26
0,491,0.39052847027778625,2019-02-17 00:33:26
0,492,0.3886363208293915,2019-02-17 00:33:26
0,493,0.38676032423973083,2019-02-17 00:33:26
0,494,0.3848961591720581,2019-02-17 00:33:26
0,495,0.3830473721027374,2019-02-17 00:33:26
0,496,0.3812161386013031,2019-02-17 00:33:26
0,497,0.3794008493423462,2019-02-17 00:33:26
0,498,0.37759825587272644,2019-02-17 00:33:26
0,499,0.37581366300582886,2019-02-17 00:33:26
0,500,0.3740437626838684,2019-02-17 00:33:26
0,501,0.37228715419769287,2019-02-17 00:33:26
0,502,0.3705447018146515,2019-02-17 00:33:26
0,503,0.36881646513938904,2019-02-17 00:33:26
0,504,0.3671056032180786,2019-02-17 00:33:26
0,505,0.3654072880744934,2019-02-17 00:33:26
0,506,0.36372050642967224,2019-02-17 00:33:26
0,507,0.3620501458644867,2019-02-17 00:33:26
0,508,0.3603960871696472,2019-02-17 00:33:26
0,509,0.3587544560432434,2019-02-17 00:33:26
0,510,0.35712745785713196,2019-02-17 00:33:26
0,511,0.3555118441581726,2019-02-17 00:33:27
0,512,0.3539085388183594,2019-02-17 00:33:27
0,513,0.3523190915584564,2019-02-17 00:33:27
0,514,0.35074496269226074,2019-02-17 00:33:27
0,515,0.3491838872432709,2019-02-17 00:33:27
0,516,0.34763413667678833,2019-02-17 00:33:27
0,517,0.34609735012054443,2019-02-17 00:33:27
0,518,0.34457483887672424,2019-02-17 00:33:27
0,519,0.3430640399456024,2019-02-17 00:33:27
0,520,0.3415657579898834,2019-02-17 00:33:27
0,521,0.340082585811615,2019-02-17 00:33:27
0,522,0.3386121094226837,2019-02-17 00:33:27
0,523,0.3371528387069702,2019-02-17 00:33:27
0,524,0.33570584654808044,2019-02-17 00:33:27
0,525,0.3342703878879547,2019-02-17 00:33:27
0,526,0.3328484892845154,2019-02-17 00:33:27
0,527,0.3314379155635834,2019-02-17 00:33:27
0,528,0.3300388753414154,2019-02-17 00:33:27
0,529,0.3286529779434204,2019-02-17 00:33:27
0,530,0.3272777199745178,2019-02-17 00:33:27
0,531,0.32591187953948975,2019-02-17 00:33:27
0,532,0.3245580196380615,2019-02-17 00:33:27
0,533,0.3232150673866272,2019-02-17 00:33:27
0,534,0.3218826353549957,2019-02-17 00:33:27
0,535,0.3205609917640686,2019-02-17 00:33:27
0,536,0.3192509710788727,2019-02-17 00:33:27
0,537,0.31795307993888855,2019-02-17 00:33:27
0,538,0.3166665732860565,2019-02-17 00:33:27
0,539,0.3153909742832184,2019-02-17 00:33:27
0,540,0.314125657081604,2019-02-17 00:33:27
0,541,0.3128700852394104,2019-02-17 00:33:27
0,542,0.3116256296634674,2019-02-17 00:33:27
0,543,0.3103918433189392,2019-02-17 00:33:27
0,544,0.3091682493686676,2019-02-17 00:33:27
0,545,0.3079540431499481,2019-02-17 00:33:27
0,546,0.30675044655799866,2019-02-17 00:33:27
0,547,0.30555590987205505,2019-02-17 00:33:27
0,548,0.3043705224990845,2019-02-17 00:33:27
0,549,0.3031952977180481,2019-02-17 00:33:27
0,550,0.30202925205230713,2019-02-17 00:33:27
0,551,0.3008730113506317,2019-02-17 00:33:27
0,552,0.2997256815433502,2019-02-17 00:33:27
0,553,0.29858770966529846,2019-02-17 00:33:27
0,554,0.2974584102630615,2019-02-17 00:33:27
0,555,0.29633820056915283,2019-02-17 00:33:27
0,556,0.2952265441417694,2019-02-17 00:33:27
0,557,0.29412326216697693,2019-02-17 00:33:27
0,558,0.29302623867988586,2019-02-17 00:33:27
0,559,0.2919362187385559,2019-02-17 00:33:27
0,560,0.2908534109592438,2019-02-17 00:33:27
0,561,0.2897782623767853,2019-02-17 00:33:27
0,562,0.2887103259563446,2019-02-17 00:33:27
0,563,0.2876504063606262,2019-02-17 00:33:27
0,564,0.28659820556640625,2019-02-17 00:33:27
0,565,0.2855534553527832,2019-02-17 00:33:27
0,566,0.2845155894756317,2019-02-17 00:33:27
0,567,0.2834850549697876,2019-02-17 00:33:27
0,568,0.282461941242218,2019-02-17 00:33:27
0,569,0.28144600987434387,2019-02-17 00:33:27
0,570,0.2804366946220398,2019-02-17 00:33:27
0,571,0.2794342637062073,2019-02-17 00:33:27
0,572,0.278438925743103,2019-02-17 00:33:27
0,573,0.2774505317211151,2019-02-17 00:33:27
0,574,0.2764686048030853,2019-02-17 00:33:27
0,575,0.2754930257797241,2019-02-17 00:33:27
0,576,0.2745232880115509,2019-02-17 00:33:27
0,577,0.27355971932411194,2019-02-17 00:33:27
0,578,0.2726016044616699,2019-02-17 00:33:27
0,579,0.27164918184280396,2019-02-17 00:33:27
0,580,0.27070191502571106,2019-02-17 00:33:27
0,581,0.26976126432418823,2019-02-17 00:33:27
0,582,0.26882654428482056,2019-02-17 00:33:27
0,583,0.26789766550064087,2019-02-17 00:33:27
0,584,0.2669740915298462,2019-02-17 00:33:27
0,585,0.26605546474456787,2019-02-17 00:33:27
0,586,0.2651427090167999,2019-02-17 00:33:27
0,587,0.2642357647418976,2019-02-17 00:33:27
0,588,0.26333317160606384,2019-02-17 00:33:27
0,589,0.2624358534812927,2019-02-17 00:33:27
0,590,0.261543869972229,2019-02-17 00:33:27
0,591,0.26065701246261597,2019-02-17 00:33:27
0,592,0.25977620482444763,2019-02-17 00:33:27
0,593,0.2589012086391449,2019-02-17 00:33:27
0,594,0.25803235173225403,2019-02-17 00:33:27
0,595,0.2571687698364258,2019-02-17 00:33:27
0,596,0.2563096582889557,2019-02-17 00:33:28
0,597,0.2554554343223572,2019-02-17 00:33:28
0,598,0.2546059787273407,2019-02-17 00:33:28
0,599,0.25376132130622864,2019-02-17 00:33:28
0,600,0.2529214024543762,2019-02-17 00:33:28
0,601,0.2520856261253357,2019-02-17 00:33:28
0,602,0.251253217458725,2019-02-17 00:33:28
0,603,0.25042667984962463,2019-02-17 00:33:28
0,604,0.2496052086353302,2019-02-17 00:33:28
0,605,0.24878764152526855,2019-02-17 00:33:28
0,606,0.24797475337982178,2019-02-17 00:33:28
0,607,0.2471671849489212,2019-02-17 00:33:28
0,608,0.24636448919773102,2019-02-17 00:33:28
0,609,0.2455662488937378,2019-02-17 00:33:28
0,610,0.24477234482765198,2019-02-17 00:33:28
0,611,0.2439832240343094,2019-02-17 00:33:28
0,612,0.24319836497306824,2019-02-17 00:33:28
0,613,0.24241793155670166,2019-02-17 00:33:28
0,614,0.24164146184921265,2019-02-17 00:33:28
0,615,0.24086999893188477,2019-02-17 00:33:28
0,616,0.24010266363620758,2019-02-17 00:33:28
0,617,0.23934023082256317,2019-02-17 00:33:28
0,618,0.23858264088630676,2019-02-17 00:33:28
0,619,0.23782938718795776,2019-02-17 00:33:28
0,620,0.2370801568031311,2019-02-17 00:33:28
0,621,0.2363351732492447,2019-02-17 00:33:28
0,622,0.23559436202049255,2019-02-17 00:33:28
0,623,0.23485715687274933,2019-02-17 00:33:28
0,624,0.2341238409280777,2019-02-17 00:33:28
0,625,0.23339423537254333,2019-02-17 00:33:28
0,626,0.23266828060150146,2019-02-17 00:33:28
0,627,0.23194651305675507,2019-02-17 00:33:28
0,628,0.23122920095920563,2019-02-17 00:33:28
0,629,0.23051531612873077,2019-02-17 00:33:28
0,630,0.2298051416873932,2019-02-17 00:33:28
0,631,0.22909876704216003,2019-02-17 00:33:28
0,632,0.22839678823947906,2019-02-17 00:33:28
0,633,0.22769851982593536,2019-02-17 00:33:28
0,634,0.22700382769107819,2019-02-17 00:33:28
0,635,0.22631266713142395,2019-02-17 00:33:28
0,636,0.22562481462955475,2019-02-17 00:33:28
0,637,0.22494061291217804,2019-02-17 00:33:28
0,638,0.22426097095012665,2019-02-17 00:33:28
0,639,0.2235848307609558,2019-02-17 00:33:28
0,640,0.2229117900133133,2019-02-17 00:33:28
0,641,0.2222423553466797,2019-02-17 00:33:28
0,642,0.22157664597034454,2019-02-17 00:33:28
0,643,0.22091412544250488,2019-02-17 00:33:28
0,644,0.22025536000728607,2019-02-17 00:33:28
0,645,0.21959945559501648,2019-02-17 00:33:28
0,646,0.21894711256027222,2019-02-17 00:33:28
0,647,0.21829836070537567,2019-02-17 00:33:28
0,648,0.21765287220478058,2019-02-17 00:33:28
0,649,0.21701054275035858,2019-02-17 00:33:28
0,650,0.2163713276386261,2019-02-17 00:33:28
0,651,0.21573513746261597,2019-02-17 00:33:28
0,652,0.2151017189025879,2019-02-17 00:33:28
0,653,0.21447153389453888,2019-02-17 00:33:28
0,654,0.2138446569442749,2019-02-17 00:33:28
0,655,0.21322056651115417,2019-02-17 00:33:28
0,656,0.2125994861125946,2019-02-17 00:33:28
0,657,0.21198125183582306,2019-02-17 00:33:28
0,658,0.2113664299249649,2019-02-17 00:33:28
0,659,0.21075443923473358,2019-02-17 00:33:28
0,660,0.2101447731256485,2019-02-17 00:33:28
0,661,0.20953819155693054,2019-02-17 00:33:28
0,662,0.20893484354019165,2019-02-17 00:33:28
0,663,0.20833462476730347,2019-02-17 00:33:28
0,664,0.20773717761039734,2019-02-17 00:33:28
0,665,0.20714229345321655,2019-02-17 00:33:28
0,666,0.20655089616775513,2019-02-17 00:33:28
0,667,0.20596183836460114,2019-02-17 00:33:28
0,668,0.20537595450878143,2019-02-17 00:33:28
0,669,0.20479317009449005,2019-02-17 00:33:28
0,670,0.20421311259269714,2019-02-17 00:33:28
0,671,0.20363563299179077,2019-02-17 00:33:28
0,672,0.20306117832660675,2019-02-17 00:33:28
0,673,0.20248964428901672,2019-02-17 00:33:28
0,674,0.20192061364650726,2019-02-17 00:33:28
0,675,0.20135432481765747,2019-02-17 00:33:28
0,676,0.20079022645950317,2019-02-17 00:33:28
0,677,0.20022878050804138,2019-02-17 00:33:28
0,678,0.19967015087604523,2019-02-17 00:33:28
0,679,0.19911378622055054,2019-02-17 00:33:28
0,680,0.19856032729148865,2019-02-17 00:33:28
0,681,0.19800950586795807,2019-02-17 00:33:28
0,682,0.1974610686302185,2019-02-17 00:33:28
0,683,0.1969149261713028,2019-02-17 00:33:29
0,684,0.19637082517147064,2019-02-17 00:33:29
0,685,0.1958290934562683,2019-02-17 00:33:29
0,686,0.1952894926071167,2019-02-17 00:33:29
0,687,0.19475196301937103,2019-02-17 00:33:29
0,688,0.19421713054180145,2019-02-17 00:33:29
0,689,0.1936846226453781,2019-02-17 00:33:29
0,690,0.19315437972545624,2019-02-17 00:33:29
0,691,0.19262690842151642,2019-02-17 00:33:29
0,692,0.19210143387317657,2019-02-17 00:33:29
0,693,0.19157809019088745,2019-02-17 00:33:29
0,694,0.19105692207813263,2019-02-17 00:33:29
0,695,0.19053898751735687,2019-02-17 00:33:29
0,696,0.19002345204353333,2019-02-17 00:33:29
0,697,0.1895100474357605,2019-02-17 00:33:29
0,698,0.1889992207288742,2019-02-17 00:33:29
0,699,0.18849025666713715,2019-02-17 00:33:29
0,700,0.18798328936100006,2019-02-17 00:33:29
0,701,0.18747897446155548,2019-02-17 00:33:29
0,702,0.18697704374790192,2019-02-17 00:33:29
0,703,0.18647733330726624,2019-02-17 00:33:29
0,704,0.18597939610481262,2019-02-17 00:33:29
0,705,0.1854838728904724,2019-02-17 00:33:29
0,706,0.18498998880386353,2019-02-17 00:33:29
0,707,0.18449802696704865,2019-02-17 00:33:29
0,708,0.18400803208351135,2019-02-17 00:33:29
0,709,0.1835200935602188,2019-02-17 00:33:29
0,710,0.18303346633911133,2019-02-17 00:33:29
0,711,0.18254919350147247,2019-02-17 00:33:29
0,712,0.18206675350666046,2019-02-17 00:33:29
0,713,0.18158675730228424,2019-02-17 00:33:29
0,714,0.1811084896326065,2019-02-17 00:33:29
0,715,0.18063221871852875,2019-02-17 00:33:29
0,716,0.18015789985656738,2019-02-17 00:33:29
0,717,0.17968514561653137,2019-02-17 00:33:29
0,718,0.17921434342861176,2019-02-17 00:33:29
0,719,0.17874568700790405,2019-02-17 00:33:29
0,720,0.17827922105789185,2019-02-17 00:33:29
0,721,0.17781460285186768,2019-02-17 00:33:29
0,722,0.1773519217967987,2019-02-17 00:33:29
0,723,0.1768917441368103,2019-02-17 00:33:29
0,724,0.1764330118894577,2019-02-17 00:33:29
0,725,0.17597615718841553,2019-02-17 00:33:29
0,726,0.17552119493484497,2019-02-17 00:33:29
0,727,0.17506788671016693,2019-02-17 00:33:29
0,728,0.17461702227592468,2019-02-17 00:33:29
0,729,0.1741679459810257,2019-02-17 00:33:29
0,730,0.1737205684185028,2019-02-17 00:33:29
0,731,0.17327460646629333,2019-02-17 00:33:29
0,732,0.17283082008361816,2019-02-17 00:33:29
0,733,0.17238904535770416,2019-02-17 00:33:29
0,734,0.17194917798042297,2019-02-17 00:33:29
0,735,0.1715111881494522,2019-02-17 00:33:29
0,736,0.1710750162601471,2019-02-17 00:33:29
0,737,0.1706404685974121,2019-02-17 00:33:29
0,738,0.17020784318447113,2019-02-17 00:33:29
0,739,0.16977764666080475,2019-02-17 00:33:29
0,740,0.1693490892648697,2019-02-17 00:33:29
0,741,0.16892220079898834,2019-02-17 00:33:29
0,742,0.1684974879026413,2019-02-17 00:33:29
0,743,0.16807465255260468,2019-02-17 00:33:29
0,744,0.16765351593494415,2019-02-17 00:33:29
0,745,0.16723418235778809,2019-02-17 00:33:29
0,746,0.1668163239955902,2019-02-17 00:33:29
0,747,0.1664000004529953,2019-02-17 00:33:29
0,748,0.16598539054393768,2019-02-17 00:33:29
0,749,0.16557230055332184,2019-02-17 00:33:29
0,750,0.16516077518463135,2019-02-17 00:33:29
0,751,0.164750874042511,2019-02-17 00:33:29
0,752,0.16434258222579956,2019-02-17 00:33:29
0,753,0.16393570601940155,2019-02-17 00:33:29
0,754,0.16353048384189606,2019-02-17 00:33:29
0,755,0.16312745213508606,2019-02-17 00:33:29
0,756,0.1627257615327835,2019-02-17 00:33:29
0,757,0.1623254269361496,2019-02-17 00:33:29
0,758,0.16192683577537537,2019-02-17 00:33:29
0,759,0.16152992844581604,2019-02-17 00:33:29
0,760,0.16113467514514923,2019-02-17 00:33:29
0,761,0.1607414036989212,2019-02-17 00:33:29
0,762,0.16034941375255585,2019-02-17 00:33:29
0,763,0.159959077835083,2019-02-17 00:33:29
0,764,0.15956981480121613,2019-02-17 00:33:29
0,765,0.1591823846101761,2019-02-17 00:33:29
0,766,0.15879663825035095,2019-02-17 00:33:29
0,767,0.15841232240200043,2019-02-17 00:33:29
0,768,0.15803010761737823,2019-02-17 00:33:29
0,769,0.1576491743326187,2019-02-17 00:33:30
0,770,0.1572694629430771,2019-02-17 00:33:30
0,771,0.15689139068126678,2019-02-17 00:33:30
0,772,0.15651476383209229,2019-02-17 00:33:30
0,773,0.15613983571529388,2019-02-17 00:33:30
0,774,0.15576662123203278,2019-02-17 00:33:30
0,775,0.155395045876503,2019-02-17 00:33:30
0,776,0.155024915933609,2019-02-17 00:33:30
0,777,0.15465635061264038,2019-02-17 00:33:30
0,778,0.1542893350124359,2019-02-17 00:33:30
0,779,0.15392395853996277,2019-02-17 00:33:30
0,780,0.15355998277664185,2019-02-17 00:33:30
0,781,0.1531974822282791,2019-02-17 00:33:30
0,782,0.15283645689487457,2019-02-17 00:33:30
0,783,0.15247637033462524,2019-02-17 00:33:30
0,784,0.1521177589893341,2019-02-17 00:33:30
0,785,0.15176048874855042,2019-02-17 00:33:30
0,786,0.15140491724014282,2019-02-17 00:33:30
0,787,0.1510506123304367,2019-02-17 00:33:30
0,788,0.15069739520549774,2019-02-17 00:33:30
0,789,0.1503453552722931,2019-02-17 00:33:30
0,790,0.14999477565288544,2019-02-17 00:33:30
0,791,0.14964531362056732,2019-02-17 00:33:30
0,792,0.14929749071598053,2019-02-17 00:33:30
0,793,0.14895081520080566,2019-02-17 00:33:30
0,794,0.14860570430755615,2019-02-17 00:33:30
0,795,0.14826180040836334,2019-02-17 00:33:30
0,796,0.14791929721832275,2019-02-17 00:33:30
0,797,0.1475778967142105,2019-02-17 00:33:30
0,798,0.1472378373146057,2019-02-17 00:33:30
0,799,0.1468989998102188,2019-02-17 00:33:30
0,800,0.14656132459640503,2019-02-17 00:33:30
0,801,0.14622479677200317,2019-02-17 00:33:30
0,802,0.1458895057439804,2019-02-17 00:33:30
0,803,0.14555542171001434,2019-02-17 00:33:30
0,804,0.1452227681875229,2019-02-17 00:33:30
0,805,0.14489081501960754,2019-02-17 00:33:30
0,806,0.14455978572368622,2019-02-17 00:33:30
0,807,0.1442301869392395,2019-02-17 00:33:30
0,808,0.14390134811401367,2019-02-17 00:33:30
0,809,0.14357377588748932,2019-02-17 00:33:30
0,810,0.14324742555618286,2019-02-17 00:33:30
0,811,0.14292241632938385,2019-02-17 00:33:30
0,812,0.1425984501838684,2019-02-17 00:33:30
0,813,0.1422756463289261,2019-02-17 00:33:30
0,814,0.14195404946804047,2019-02-17 00:33:30
0,815,0.14163413643836975,2019-02-17 00:33:30
0,816,0.1413150578737259,2019-02-17 00:33:30
0,817,0.14099721610546112,2019-02-17 00:33:30
0,818,0.14068087935447693,2019-02-17 00:33:30
0,819,0.14036543667316437,2019-02-17 00:33:30
0,820,0.1400509625673294,2019-02-17 00:33:30
0,821,0.13973771035671234,2019-02-17 00:33:30
0,822,0.139425590634346,2019-02-17 00:33:30
0,823,0.13911426067352295,2019-02-17 00:33:30
0,824,0.13880379498004913,2019-02-17 00:33:30
0,825,0.13849475979804993,2019-02-17 00:33:30
0,826,0.1381862610578537,2019-02-17 00:33:30
0,827,0.13787896931171417,2019-02-17 00:33:30
0,828,0.13757246732711792,2019-02-17 00:33:30
0,829,0.13726700842380524,2019-02-17 00:33:30
0,830,0.136962428689003,2019-02-17 00:33:30
0,831,0.13665889203548431,2019-02-17 00:33:30
0,832,0.13635681569576263,2019-02-17 00:33:30
0,833,0.13605555891990662,2019-02-17 00:33:30
0,834,0.13575515151023865,2019-02-17 00:33:30
0,835,0.13545595109462738,2019-02-17 00:33:30
0,836,0.13515791296958923,2019-02-17 00:33:30
0,837,0.1348607987165451,2019-02-17 00:33:30
0,838,0.13456478714942932,2019-02-17 00:33:30
0,839,0.13426992297172546,2019-02-17 00:33:30
0,840,0.13397632539272308,2019-02-17 00:33:30
0,841,0.13368353247642517,2019-02-17 00:33:30
0,842,0.13339205086231232,2019-02-17 00:33:30
0,843,0.133101686835289,2019-02-17 00:33:30
0,844,0.13281236588954926,2019-02-17 00:33:30
0,845,0.1325242817401886,2019-02-17 00:33:30
0,846,0.13223695755004883,2019-02-17 00:33:30
0,847,0.13195060193538666,2019-02-17 00:33:30
0,848,0.13166536390781403,2019-02-17 00:33:30
0,849,0.13138124346733093,2019-02-17 00:33:30
0,850,0.13109815120697021,2019-02-17 00:33:30
0,851,0.13081611692905426,2019-02-17 00:33:30
0,852,0.13053520023822784,2019-02-17 00:33:30
0,853,0.13025547564029694,2019-02-17 00:33:30
0,854,0.1299767643213272,2019-02-17 00:33:30
0,855,0.12969887256622314,2019-02-17 00:33:30
0,856,0.1294221431016922,2019-02-17 00:33:31
0,857,0.12914633750915527,2019-02-17 00:33:31
0,858,0.12887151539325714,2019-02-17 00:33:31
0,859,0.12859755754470825,2019-02-17 00:33:31
0,860,0.1283242106437683,2019-02-17 00:33:31
0,861,0.1280517429113388,2019-02-17 00:33:31
0,862,0.12778018414974213,2019-02-17 00:33:31
0,863,0.1275097280740738,2019-02-17 00:33:31
0,864,0.12724022567272186,2019-02-17 00:33:31
0,865,0.12697190046310425,2019-02-17 00:33:31
0,866,0.12670457363128662,2019-02-17 00:33:31
0,867,0.12643815577030182,2019-02-17 00:33:31
0,868,0.12617254257202148,2019-02-17 00:33:31
0,869,0.1259077489376068,2019-02-17 00:33:31
0,870,0.1256440281867981,2019-02-17 00:33:31
0,871,0.1253809928894043,2019-02-17 00:33:31
0,872,0.12511847913265228,2019-02-17 00:33:31
0,873,0.12485705316066742,2019-02-17 00:33:31
0,874,0.12459643185138702,2019-02-17 00:33:31
0,875,0.12433656305074692,2019-02-17 00:33:31
0,876,0.12407778203487396,2019-02-17 00:33:31
0,877,0.12381976842880249,2019-02-17 00:33:31
0,878,0.123562291264534,2019-02-17 00:33:31
0,879,0.12330526858568192,2019-02-17 00:33:31
0,880,0.12304913997650146,2019-02-17 00:33:31
0,881,0.12279397249221802,2019-02-17 00:33:31
0,882,0.12253966927528381,2019-02-17 00:33:31
0,883,0.12228602170944214,2019-02-17 00:33:31
0,884,0.12203313410282135,2019-02-17 00:33:31
0,885,0.12178084254264832,2019-02-17 00:33:31
0,886,0.12152966856956482,2019-02-17 00:33:31
0,887,0.12127917259931564,2019-02-17 00:33:31
0,888,0.121029332280159,2019-02-17 00:33:31
0,889,0.12078042328357697,2019-02-17 00:33:31
0,890,0.12053253501653671,2019-02-17 00:33:31
0,891,0.12028554081916809,2019-02-17 00:33:31
0,892,0.12003935128450394,2019-02-17 00:33:31
0,893,0.11979410797357559,2019-02-17 00:33:31
0,894,0.11954973638057709,2019-02-17 00:33:31
0,895,0.11930642277002335,2019-02-17 00:33:31
0,896,0.11906391382217407,2019-02-17 00:33:31
0,897,0.11882199347019196,2019-02-17 00:33:31
0,898,0.11858110129833221,2019-02-17 00:33:31
0,899,0.11834103614091873,2019-02-17 00:33:31
0,900,0.11810175329446793,2019-02-17 00:33:31
0,901,0.11786327511072159,2019-02-17 00:33:31
0,902,0.11762560158967972,2019-02-17 00:33:31
0,903,0.11738844215869904,2019-02-17 00:33:31
0,904,0.11715196073055267,2019-02-17 00:33:31
0,905,0.11691626161336899,2019-02-17 00:33:31
0,906,0.11668168753385544,2019-02-17 00:33:31
0,907,0.11644799262285233,2019-02-17 00:33:31
0,908,0.11621503531932831,2019-02-17 00:33:31
0,909,0.11598270386457443,2019-02-17 00:33:31
0,910,0.11575113981962204,2019-02-17 00:33:31
0,911,0.11552056670188904,2019-02-17 00:33:31
0,912,0.1152905747294426,2019-02-17 00:33:31
0,913,0.11506139487028122,2019-02-17 00:33:31
0,914,0.11483285576105118,2019-02-17 00:33:31
0,915,0.1146053597331047,2019-02-17 00:33:31
0,916,0.1143784448504448,2019-02-17 00:33:31
0,917,0.1141524612903595,2019-02-17 00:33:31
0,918,0.11392708867788315,2019-02-17 00:33:31
0,919,0.11370223760604858,2019-02-17 00:33:31
0,920,0.11347819119691849,2019-02-17 00:33:31
0,921,0.11325474083423615,2019-02-17 00:33:31
0,922,0.1130320206284523,2019-02-17 00:33:31
0,923,0.11280971765518188,2019-02-17 00:33:31
0,924,0.11258798092603683,2019-02-17 00:33:31
0,925,0.1123669445514679,2019-02-17 00:33:31
0,926,0.11214692145586014,2019-02-17 00:33:31
0,927,0.11192726343870163,2019-02-17 00:33:31
0,928,0.11170847713947296,2019-02-17 00:33:31
0,929,0.11149022728204727,2019-02-17 00:33:31
0,930,0.11127272248268127,2019-02-17 00:33:31
0,931,0.11105582863092422,2019-02-17 00:33:31
0,932,0.11083977669477463,2019-02-17 00:33:31
0,933,0.11062438040971756,2019-02-17 00:33:31
0,934,0.11040954291820526,2019-02-17 00:33:31
0,935,0.11019551753997803,2019-02-17 00:33:31
0,936,0.10998208075761795,2019-02-17 00:33:31
0,937,0.10976917296648026,2019-02-17 00:33:31
0,938,0.10955695062875748,2019-02-17 00:33:31
0,939,0.10934565216302872,2019-02-17 00:33:31
0,940,0.10913460701704025,2019-02-17 00:33:31
0,941,0.10892436653375626,2019-02-17 00:33:31
0,942,0.10871471464633942,2019-02-17 00:33:31
0,943,0.10850542783737183,2019-02-17 00:33:31
0,944,0.10829710960388184,2019-02-17 00:33:32
0,945,0.10808925330638885,2019-02-17 00:33:32
0,946,0.10788172483444214,2019-02-17 00:33:32
0,947,0.10767517238855362,2019-02-17 00:33:32
0,948,0.10746903717517853,2019-02-17 00:33:32
0,949,0.10726340115070343,2019-02-17 00:33:32
0,950,0.1070583239197731,2019-02-17 00:33:32
0,951,0.10685384273529053,2019-02-17 00:33:32
0,952,0.10664987564086914,2019-02-17 00:33:32
0,953,0.10644666105508804,2019-02-17 00:33:32
0,954,0.10624419897794724,2019-02-17 00:33:32
0,955,0.10604216903448105,2019-02-17 00:33:32
0,956,0.10584074258804321,2019-02-17 00:33:32
0,957,0.10564005374908447,2019-02-17 00:33:32
0,958,0.10543984919786453,2019-02-17 00:33:32
0,959,0.10524027794599533,2019-02-17 00:33:32
0,960,0.10504143685102463,2019-02-17 00:33:32
0,961,0.10484311729669571,2019-02-17 00:33:32
0,962,0.1046452671289444,2019-02-17 00:33:32
0,963,0.10444820672273636,2019-02-17 00:33:32
0,964,0.10425185412168503,2019-02-17 00:33:32
0,965,0.10405607521533966,2019-02-17 00:33:32
0,966,0.10386078804731369,2019-02-17 00:33:32
0,967,0.10366585850715637,2019-02-17 00:33:32
0,968,0.10347190499305725,2019-02-17 00:33:32
0,969,0.1032782793045044,2019-02-17 00:33:32
0,970,0.10308519005775452,2019-02-17 00:33:32
0,971,0.10289263725280762,2019-02-17 00:33:32
0,972,0.10270034521818161,2019-02-17 00:33:32
0,973,0.10250868648290634,2019-02-17 00:33:32
0,974,0.10231749713420868,2019-02-17 00:33:32
0,975,0.10212654620409012,2019-02-17 00:33:32
0,976,0.10193634033203125,2019-02-17 00:33:32
0,977,0.10174663364887238,2019-02-17 00:33:32
0,978,0.10155755281448364,2019-02-17 00:33:32
0,979,0.1013692244887352,2019-02-17 00:33:32
0,980,0.10118139535188675,2019-02-17 00:33:32
0,981,0.10099422186613083,2019-02-17 00:33:32
0,982,0.10080788284540176,2019-02-17 00:33:32
0,983,0.10062204301357269,2019-02-17 00:33:32
0,984,0.10043695569038391,2019-02-17 00:33:32
0,985,0.10025233775377274,2019-02-17 00:33:32
0,986,0.10006806254386902,2019-02-17 00:33:32
0,987,0.09988462179899216,2019-02-17 00:33:32
0,988,0.09970155358314514,2019-02-17 00:33:32
0,989,0.09951918572187424,2019-02-17 00:33:32
0,990,0.09933731704950333,2019-02-17 00:33:32
0,991,0.09915560483932495,2019-02-17 00:33:32
0,992,0.09897463023662567,2019-02-17 00:33:32
0,993,0.09879403561353683,2019-02-17 00:33:32
0,994,0.09861382842063904,2019-02-17 00:33:32
0,995,0.09843390434980392,2019-02-17 00:33:32
0,996,0.09825454652309418,2019-02-17 00:33:32
0,997,0.09807585179805756,2019-02-17 00:33:32
0,998,0.09789744019508362,2019-02-17 00:33:32
0,999,0.0977197214961052,2019-02-17 00:33:32
1,0,0.09754247218370438,2019-02-17 00:33:32
1,1,0.09736570715904236,2019-02-17 00:33:32
1,2,0.0971895381808281,2019-02-17 00:33:32
1,3,0.09701362997293472,2019-02-17 00:33:32
1,4,0.09683823585510254,2019-02-17 00:33:32
1,5,0.09666355699300766,2019-02-17 00:33:32
1,6,0.09648928046226501,2019-02-17 00:33:32
1,7,0.09631536155939102,2019-02-17 00:33:32
1,8,0.09614195674657822,2019-02-17 00:33:32
1,9,0.09596886485815048,2019-02-17 00:33:32
1,10,0.09579630196094513,2019-02-17 00:33:32
1,11,0.09562403708696365,2019-02-17 00:33:32
1,12,0.09545250236988068,2019-02-17 00:33:32
1,13,0.09528153389692307,2019-02-17 00:33:32
1,14,0.0951106995344162,2019-02-17 00:33:32
1,15,0.09494052082300186,2019-02-17 00:33:32
1,16,0.09477078169584274,2019-02-17 00:33:32
1,17,0.09460152685642242,2019-02-17 00:33:32
1,18,0.09443290531635284,2019-02-17 00:33:32
1,19,0.09426477551460266,2019-02-17 00:33:32
1,20,0.09409727156162262,2019-02-17 00:33:32
1,21,0.09393013268709183,2019-02-17 00:33:32
1,22,0.09376358985900879,2019-02-17 00:33:32
1,23,0.09359758347272873,2019-02-17 00:33:32
1,24,0.09343216568231583,2019-02-17 00:33:32
1,25,0.09326719492673874,2019-02-17 00:33:32
1,26,0.09310274571180344,2019-02-17 00:33:32
1,27,0.0929386094212532,2019-02-17 00:33:32
1,28,0.09277497231960297,2019-02-17 00:33:32
1,29,0.09261160343885422,2019-02-17 00:33:33
1,30,0.09244883060455322,2019-02-17 00:33:33
1,31,0.09228652715682983,2019-02-17 00:33:33
1,32,0.09212459623813629,2019-02-17 00:33:33
1,33,0.09196311980485916,2019-02-17 00:33:33
1,34,0.09180191159248352,2019-02-17 00:33:33
1,35,0.09164121747016907,2019-02-17 00:33:33
1,36,0.09148091822862625,2019-02-17 00:33:33
1,37,0.0913211926817894,2019-02-17 00:33:33
1,38,0.09116196632385254,2019-02-17 00:33:33
1,39,0.09100309014320374,2019-02-17 00:33:33
1,40,0.0908447802066803,2019-02-17 00:33:33
1,41,0.09068699181079865,2019-02-17 00:33:33
1,42,0.09052970260381699,2019-02-17 00:33:33
1,43,0.09037285298109055,2019-02-17 00:33:33
1,44,0.09021636843681335,2019-02-17 00:33:33
1,45,0.09006012231111526,2019-02-17 00:33:33
1,46,0.08990463614463806,2019-02-17 00:33:33
1,47,0.08974926918745041,2019-02-17 00:33:33
1,48,0.08959445357322693,2019-02-17 00:33:33
1,49,0.08944021165370941,2019-02-17 00:33:33
1,50,0.08928652107715607,2019-02-17 00:33:33
1,51,0.08913309127092361,2019-02-17 00:33:33
1,52,0.08898018300533295,2019-02-17 00:33:33
1,53,0.08882777392864227,2019-02-17 00:33:33
1,54,0.0886756181716919,2019-02-17 00:33:33
1,55,0.08852405846118927,2019-02-17 00:33:33
1,56,0.08837299048900604,2019-02-17 00:33:33
1,57,0.08822204917669296,2019-02-17 00:33:33
1,58,0.08807149529457092,2019-02-17 00:33:33
1,59,0.08792147040367126,2019-02-17 00:33:33
1,60,0.08777186274528503,2019-02-17 00:33:33
1,61,0.08762263506650925,2019-02-17 00:33:33
1,62,0.08747375756502151,2019-02-17 00:33:33
1,63,0.08732537180185318,2019-02-17 00:33:33
1,64,0.0871773362159729,2019-02-17 00:33:33
1,65,0.0870298370718956,2019-02-17 00:33:33
1,66,0.08688260614871979,2019-02-17 00:33:33
1,67,0.08673591911792755,2019-02-17 00:33:33
1,68,0.08658978343009949,2019-02-17 00:33:33
1,69,0.08644392341375351,2019-02-17 00:33:33
1,70,0.0862983837723732,2019-02-17 00:33:33
1,71,0.08615338802337646,2019-02-17 00:33:33
1,72,0.08600882440805435,2019-02-17 00:33:33
1,73,0.08586468547582626,2019-02-17 00:33:33
1,74,0.08572090417146683,2019-02-17 00:33:33
1,75,0.08557763695716858,2019-02-17 00:33:33
1,76,0.08543483167886734,2019-02-17 00:33:33
1,77,0.0852922648191452,2019-02-17 00:33:33
1,78,0.08515013754367828,2019-02-17 00:33:33
1,79,0.08500850945711136,2019-02-17 00:33:33
1,80,0.0848672017455101,2019-02-17 00:33:33
1,81,0.08472635596990585,2019-02-17 00:33:33
1,82,0.08458615839481354,2019-02-17 00:33:33
1,83,0.08444614708423615,2019-02-17 00:33:33
1,84,0.08430665731430054,2019-02-17 00:33:33
1,85,0.08416760712862015,2019-02-17 00:33:33
1,86,0.08402882516384125,2019-02-17 00:33:33
1,87,0.08389032632112503,2019-02-17 00:33:33
1,88,0.08375229686498642,2019-02-17 00:33:33
1,89,0.08361483365297318,2019-02-17 00:33:33
1,90,0.08347754925489426,2019-02-17 00:33:33
1,91,0.08334068208932877,2019-02-17 00:33:33
1,92,0.08320412039756775,2019-02-17 00:33:33
1,93,0.08306810259819031,2019-02-17 00:33:33
1,94,0.08293246477842331,2019-02-17 00:33:33
1,95,0.08279724419116974,2019-02-17 00:33:33
1,96,0.08266221731901169,2019-02-17 00:33:33
1,97,0.0825277641415596,2019-02-17 00:33:33
1,98,0.0823936015367508,2019-02-17 00:33:33
1,99,0.08225969970226288,2019-02-17 00:33:33
1,100,0.08212621510028839,2019-02-17 00:33:33
1,101,0.0819932371377945,2019-02-17 00:33:33
1,102,0.08186068385839462,2019-02-17 00:33:33
1,103,0.08172829449176788,2019-02-17 00:33:33
1,104,0.08159652352333069,2019-02-17 00:33:33
1,105,0.08146492391824722,2019-02-17 00:33:33
1,106,0.08133374899625778,2019-02-17 00:33:33
1,107,0.08120273053646088,2019-02-17 00:33:33
1,108,0.08107215911149979,2019-02-17 00:33:33
1,109,0.08094191551208496,2019-02-17 00:33:33
1,110,0.08081194013357162,2019-02-17 00:33:33
1,111,0.08068249374628067,2019-02-17 00:33:33
1,112,0.08055344969034195,2019-02-17 00:33:33
1,113,0.08042457699775696,2019-02-17 00:33:33
1,114,0.08029603958129883,2019-02-17 00:33:33
1,115,0.0801679715514183,2019-02-17 00:33:34
1,116,0.08004004508256912,2019-02-17 00:33:34
1,117,0.07991258054971695,2019-02-17 00:33:34
1,118,0.07978551834821701,2019-02-17 00:33:34
1,119,0.07965864986181259,2019-02-17 00:33:34
1,120,0.07953225821256638,2019-02-17 00:33:34
1,121,0.07940609008073807,2019-02-17 00:33:34
1,122,0.07928035408258438,2019-02-17 00:33:34
1,123,0.07915491610765457,2019-02-17 00:33:34
1,124,0.07902967929840088,2019-02-17 00:33:34
1,125,0.07890483736991882,2019-02-17 00:33:34
1,126,0.07878028601408005,2019-02-17 00:33:34
1,127,0.07865617424249649,2019-02-17 00:33:34
1,128,0.07853233069181442,2019-02-17 00:33:34
1,129,0.07840888947248459,2019-02-17 00:33:34
1,130,0.07828594744205475,2019-02-17 00:33:34
1,131,0.07816322147846222,2019-02-17 00:33:34
1,132,0.07804073393344879,2019-02-17 00:33:34
1,133,0.07791870087385178,2019-02-17 00:33:34
1,134,0.07779687643051147,2019-02-17 00:33:34
1,135,0.07767563313245773,2019-02-17 00:33:34
1,136,0.07755455374717712,2019-02-17 00:33:34
1,137,0.07743392139673233,2019-02-17 00:33:34
1,138,0.0773136168718338,2019-02-17 00:33:34
1,139,0.07719353586435318,2019-02-17 00:33:34
1,140,0.07707387953996658,2019-02-17 00:33:34
1,141,0.07695449888706207,2019-02-17 00:33:34
1,142,0.07683565467596054,2019-02-17 00:33:34
1,143,0.07671692222356796,2019-02-17 00:33:34
1,144,0.07659854739904404,2019-02-17 00:33:34
1,145,0.07648056000471115,2019-02-17 00:33:34
1,146,0.07636291533708572,2019-02-17 00:33:34
1,147,0.07624560594558716,2019-02-17 00:33:34
1,148,0.0761285275220871,2019-02-17 00:33:34
1,149,0.07601191848516464,2019-02-17 00:33:34
1,150,0.07589564472436905,2019-02-17 00:33:34
1,151,0.07577959448099136,2019-02-17 00:33:34
1,152,0.07566382735967636,2019-02-17 00:33:34
1,153,0.07554836571216583,2019-02-17 00:33:34
1,154,0.07543323189020157,2019-02-17 00:33:34
1,155,0.07531832158565521,2019-02-17 00:33:34
1,156,0.07520391792058945,2019-02-17 00:33:34
1,157,0.07508969306945801,2019-02-17 00:33:34
1,158,0.0749758630990982,2019-02-17 00:33:34
1,159,0.07486236095428467,2019-02-17 00:33:34
1,160,0.07474904507398605,2019-02-17 00:33:34
1,161,0.07463609427213669,2019-02-17 00:33:34
1,162,0.07452341169118881,2019-02-17 00:33:34
1,163,0.07441088557243347,2019-02-17 00:33:34
1,164,0.0742986723780632,2019-02-17 00:33:34
1,165,0.07418684661388397,2019-02-17 00:33:34
1,166,0.07407516241073608,2019-02-17 00:33:34
1,167,0.07396382093429565,2019-02-17 00:33:34
1,168,0.0738527774810791,2019-02-17 00:33:34
1,169,0.0737420916557312,2019-02-17 00:33:34
1,170,0.07363143563270569,2019-02-17 00:33:34
1,171,0.07352118194103241,2019-02-17 00:33:34
1,172,0.0734112560749054,2019-02-17 00:33:34
1,173,0.07330142706632614,2019-02-17 00:33:34
1,174,0.07319192588329315,2019-02-17 00:33:34
1,175,0.07308246195316315,2019-02-17 00:33:34
1,176,0.07297326624393463,2019-02-17 00:33:34
1,177,0.07286451011896133,2019-02-17 00:33:34
1,178,0.07275600731372833,2019-02-17 00:33:34
1,179,0.07264777272939682,2019-02-17 00:33:34
1,180,0.07253995537757874,2019-02-17 00:33:34
1,181,0.07243240624666214,2019-02-17 00:33:34
1,182,0.07232503592967987,2019-02-17 00:33:34
1,183,0.07221796363592148,2019-02-17 00:33:34
1,184,0.07211125642061234,2019-02-17 00:33:34
1,185,0.07200467586517334,2019-02-17 00:33:34
1,186,0.07189834862947464,2019-02-17 00:33:34
1,187,0.07179233431816101,2019-02-17 00:33:34
1,188,0.07168654352426529,2019-02-17 00:33:34
1,189,0.07158099859952927,2019-02-17 00:33:34
1,190,0.07147562503814697,2019-02-17 00:33:34
1,191,0.0713706985116005,2019-02-17 00:33:34
1,192,0.07126593589782715,2019-02-17 00:33:34
1,193,0.07116146385669708,2019-02-17 00:33:34
1,194,0.0710572749376297,2019-02-17 00:33:34
1,195,0.07095334678888321,2019-02-17 00:33:34
1,196,0.07084948569536209,2019-02-17 00:33:34
1,197,0.0707460418343544,2019-02-17 00:33:34
1,198,0.07064277678728104,2019-02-17 00:33:34
1,199,0.07053960859775543,2019-02-17 00:33:34
1,200,0.07043664157390594,2019-02-17 00:33:34
1,201,0.07033396512269974,2019-02-17 00:33:34
1,202,0.07023149728775024,2019-02-17 00:33:35
1,203,0.07012910395860672,2019-02-17 00:33:35
1,204,0.070027194917202,2019-02-17 00:33:35
1,205,0.06992550939321518,2019-02-17 00:33:35
1,206,0.06982389837503433,2019-02-17 00:33:35
1,207,0.06972276419401169,2019-02-17 00:33:35
1,208,0.0696217492222786,2019-02-17 00:33:35
1,209,0.06952101737260818,2019-02-17 00:33:35
1,210,0.06942056864500046,2019-02-17 00:33:35
1,211,0.06932029873132706,2019-02-17 00:33:35
1,212,0.06922025978565216,2019-02-17 00:33:35
1,213,0.06912049651145935,2019-02-17 00:33:35
1,214,0.069021075963974,2019-02-17 00:33:35
1,215,0.06892190128564835,2019-02-17 00:33:35
1,216,0.06882283836603165,2019-02-17 00:33:35
1,217,0.06872408837080002,2019-02-17 00:33:35
1,218,0.0686255395412445,2019-02-17 00:33:35
1,219,0.06852734833955765,2019-02-17 00:33:35
1,220,0.06842922419309616,2019-02-17 00:33:35
1,221,0.06833154708147049,2019-02-17 00:33:35
1,222,0.06823418289422989,2019-02-17 00:33:35
1,223,0.06813692301511765,2019-02-17 00:33:35
1,224,0.06804009526968002,2019-02-17 00:33:35
1,225,0.06794343143701553,2019-02-17 00:33:35
1,226,0.0678471028804779,2019-02-17 00:33:35
1,227,0.06775089353322983,2019-02-17 00:33:35
1,228,0.0676550418138504,2019-02-17 00:33:35
1,229,0.06755931675434113,2019-02-17 00:33:35
1,230,0.06746383011341095,2019-02-17 00:33:35
1,231,0.0673685297369957,2019-02-17 00:33:35
1,232,0.06727368384599686,2019-02-17 00:33:35
1,233,0.06717896461486816,2019-02-17 00:33:35
1,234,0.06708434969186783,2019-02-17 00:33:35
1,235,0.06699009239673615,2019-02-17 00:33:35
1,236,0.06689612567424774,2019-02-17 00:33:35
1,237,0.06680235266685486,2019-02-17 00:33:35
1,238,0.06670881062746048,2019-02-17 00:33:35
1,239,0.06661544740200043,2019-02-17 00:33:35
1,240,0.06652238965034485,2019-02-17 00:33:35
1,241,0.06642955541610718,2019-02-17 00:33:35
1,242,0.06633684784173965,2019-02-17 00:33:35
1,243,0.06624433398246765,2019-02-17 00:33:35
1,244,0.06615209579467773,2019-02-17 00:33:35
1,245,0.06606020033359528,2019-02-17 00:33:35
1,246,0.06596842408180237,2019-02-17 00:33:35
1,247,0.06587664783000946,2019-02-17 00:33:35
1,248,0.06578517705202103,2019-02-17 00:33:35
1,249,0.06569396704435349,2019-02-17 00:33:35
1,250,0.06560273468494415,2019-02-17 00:33:35
1,251,0.06551188230514526,2019-02-17 00:33:35
1,252,0.06542115658521652,2019-02-17 00:33:35
1,253,0.06533057242631912,2019-02-17 00:33:35
1,254,0.06524015218019485,2019-02-17 00:33:35
1,255,0.06515011936426163,2019-02-17 00:33:35
1,256,0.06506031006574631,2019-02-17 00:33:35
1,257,0.06497065722942352,2019-02-17 00:33:35
1,258,0.06488128006458282,2019-02-17 00:33:35
1,259,0.06479199230670929,2019-02-17 00:33:35
1,260,0.06470295041799545,2019-02-17 00:33:35
1,261,0.0646142065525055,2019-02-17 00:33:35
1,262,0.06452568620443344,2019-02-17 00:33:35
1,263,0.06443732231855392,2019-02-17 00:33:35
1,264,0.0643492192029953,2019-02-17 00:33:35
1,265,0.0642612874507904,2019-02-17 00:33:35
1,266,0.06417359411716461,2019-02-17 00:33:35
1,267,0.06408604234457016,2019-02-17 00:33:35
1,268,0.06399871408939362,2019-02-17 00:33:35
1,269,0.06391169875860214,2019-02-17 00:33:35
1,270,0.06382469832897186,2019-02-17 00:33:35
1,271,0.0637376680970192,2019-02-17 00:33:35
1,272,0.06365079432725906,2019-02-17 00:33:35
1,273,0.063564233481884,2019-02-17 00:33:35
1,274,0.06347758322954178,2019-02-17 00:33:35
1,275,0.06339108198881149,2019-02-17 00:33:35
1,276,0.06330477446317673,2019-02-17 00:33:35
1,277,0.06321866810321808,2019-02-17 00:33:35
1,278,0.06313285231590271,2019-02-17 00:33:35
1,279,0.06304719299077988,2019-02-17 00:33:35
1,280,0.0629616230726242,2019-02-17 00:33:35
1,281,0.06287619471549988,2019-02-17 00:33:35
1,282,0.0627908930182457,2019-02-17 00:33:35
1,283,0.06270579993724823,2019-02-17 00:33:35
1,284,0.06262075155973434,2019-02-17 00:33:35
1,285,0.0625360906124115,2019-02-17 00:33:35
1,286,0.0624515525996685,2019-02-17 00:33:35
1,287,0.062367234379053116,2019-02-17 00:33:35
1,288,0.06228307634592056,2019-02-17 00:33:35
1,289,0.062199171632528305,2019-02-17 00:33:36
1,290,0.06211550906300545,2019-02-17 00:33:36
1,291,0.062032051384449005,2019-02-17 00:33:36
1,292,0.06194881349802017,2019-02-17 00:33:36
1,293,0.06186574324965477,2019-02-17 00:33:36
1,294,0.06178315356373787,2019-02-17 00:33:36
1,295,0.06170065701007843,2019-02-17 00:33:36
1,296,0.06161828339099884,2019-02-17 00:33:36
1,297,0.06153615936636925,2019-02-17 00:33:36
1,298,0.06145432963967323,2019-02-17 00:33:36
1,299,0.061372701078653336,2019-02-17 00:33:36
1,300,0.061291199177503586,2019-02-17 00:33:36
1,301,0.06121012941002846,2019-02-17 00:33:36
1,302,0.0611291266977787,2019-02-17 00:33:36
1,303,0.06104828417301178,2019-02-17 00:33:36
1,304,0.060967717319726944,2019-02-17 00:33:36
1,305,0.06088719144463539,2019-02-17 00:33:36
1,306,0.06080693006515503,2019-02-17 00:33:36
1,307,0.060726892203092575,2019-02-17 00:33:36
1,308,0.06064702197909355,2019-02-17 00:33:36
1,309,0.06056743487715721,2019-02-17 00:33:36
1,310,0.060488082468509674,2019-02-17 00:33:36
1,311,0.06040884554386139,2019-02-17 00:33:36
1,312,0.06032971665263176,2019-02-17 00:33:36
1,313,0.060250796377658844,2019-02-17 00:33:36
1,314,0.06017207354307175,2019-02-17 00:33:36
1,315,0.06009352207183838,2019-02-17 00:33:36
1,316,0.06001526489853859,2019-02-17 00:33:36
1,317,0.05993698164820671,2019-02-17 00:33:36
1,318,0.059858907014131546,2019-02-17 00:33:36
1,319,0.059781018644571304,2019-02-17 00:33:36
1,320,0.05970335006713867,2019-02-17 00:33:36
1,321,0.0596257783472538,2019-02-17 00:33:36
1,322,0.05954832583665848,2019-02-17 00:33:36
1,323,0.059470996260643005,2019-02-17 00:33:36
1,324,0.05939397215843201,2019-02-17 00:33:36
1,325,0.05931698530912399,2019-02-17 00:33:36
1,326,0.05924015864729881,2019-02-17 00:33:36
1,327,0.059163667261600494,2019-02-17 00:33:36
1,328,0.05908707156777382,2019-02-17 00:33:36
1,329,0.059010621160268784,2019-02-17 00:33:36
1,330,0.05893449857831001,2019-02-17 00:33:36
1,331,0.05885855481028557,2019-02-17 00:33:36
1,332,0.05878271907567978,2019-02-17 00:33:36
1,333,0.05870704725384712,2019-02-17 00:33:36
1,334,0.058631617575883865,2019-02-17 00:33:36
1,335,0.05855649337172508,2019-02-17 00:33:36
1,336,0.058481551706790924,2019-02-17 00:33:36
1,337,0.05840670317411423,2019-02-17 00:33:36
1,338,0.058332063257694244,2019-02-17 00:33:36
1,339,0.05825769901275635,2019-02-17 00:33:36
1,340,0.05818343535065651,2019-02-17 00:33:36
1,341,0.05810922756791115,2019-02-17 00:33:36
1,342,0.058035265654325485,2019-02-17 00:33:36
1,343,0.057961564511060715,2019-02-17 00:33:36
1,344,0.05788806825876236,2019-02-17 00:33:36
1,345,0.05781456083059311,2019-02-17 00:33:36
1,346,0.05774127319455147,2019-02-17 00:33:36
1,347,0.05766808241605759,2019-02-17 00:33:36
1,348,0.057594940066337585,2019-02-17 00:33:36
1,349,0.05752218887209892,2019-02-17 00:33:36
1,350,0.05744948610663414,2019-02-17 00:33:36
1,351,0.057376962155103683,2019-02-17 00:33:36
1,352,0.05730457231402397,2019-02-17 00:33:36
1,353,0.05723236873745918,2019-02-17 00:33:36
1,354,0.05716041103005409,2019-02-17 00:33:36
1,355,0.057088565081357956,2019-02-17 00:33:36
1,356,0.05701691284775734,2019-02-17 00:33:36
1,357,0.05694543197751045,2019-02-17 00:33:36
1,358,0.0568741112947464,2019-02-17 00:33:36
1,359,0.05680297315120697,2019-02-17 00:33:36
1,360,0.05673195421695709,2019-02-17 00:33:36
1,361,0.05666109547019005,2019-02-17 00:33:36
1,362,0.05659038573503494,2019-02-17 00:33:36
1,363,0.056519705802202225,2019-02-17 00:33:36
1,364,0.05644921585917473,2019-02-17 00:33:36
1,365,0.05637883022427559,2019-02-17 00:33:36
1,366,0.05630853772163391,2019-02-17 00:33:36
1,367,0.05623852461576462,2019-02-17 00:33:36
1,368,0.05616854876279831,2019-02-17 00:33:36
1,369,0.05609868839383125,2019-02-17 00:33:36
1,370,0.05602889508008957,2019-02-17 00:33:36
1,371,0.05595917999744415,2019-02-17 00:33:36
1,372,0.05588963255286217,2019-02-17 00:33:36
1,373,0.05582019314169884,2019-02-17 00:33:36
1,374,0.05575088411569595,2019-02-17 00:33:36
1,375,0.055681679397821426,2019-02-17 00:33:36
1,376,0.055612679570913315,2019-02-17 00:33:37
1,377,0.05554378032684326,2019-02-17 00:33:37
1,378,0.055475011467933655,2019-02-17 00:33:37
1,379,0.05540646240115166,2019-02-17 00:33:37
1,380,0.055338095873594284,2019-02-17 00:33:37
1,381,0.055269863456487656,2019-02-17 00:33:37
1,382,0.055201783776283264,2019-02-17 00:33:37
1,383,0.0551338717341423,2019-02-17 00:33:37
1,384,0.05506608262658119,2019-02-17 00:33:37
1,385,0.05499832704663277,2019-02-17 00:33:37
1,386,0.054930783808231354,2019-02-17 00:33:37
1,387,0.05486312881112099,2019-02-17 00:33:37
1,388,0.054795436561107635,2019-02-17 00:33:37
1,389,0.05472772568464279,2019-02-17 00:33:37
1,390,0.05466008558869362,2019-02-17 00:33:37
1,391,0.054592546075582504,2019-02-17 00:33:37
1,392,0.0545249879360199,2019-02-17 00:33:37
1,393,0.05445769801735878,2019-02-17 00:33:37
1,394,0.05439028516411781,2019-02-17 00:33:37
1,395,0.054323140531778336,2019-02-17 00:33:37
1,396,0.05425610393285751,2019-02-17 00:33:37
1,397,0.05418916046619415,2019-02-17 00:33:37
1,398,0.05412232130765915,2019-02-17 00:33:37
1,399,0.054055701941251755,2019-02-17 00:33:37
1,400,0.053989313542842865,2019-02-17 00:33:37
1,401,0.053922876715660095,2019-02-17 00:33:37
1,402,0.05385667085647583,2019-02-17 00:33:37
1,403,0.05379052460193634,2019-02-17 00:33:37
1,404,0.053724583238363266,2019-02-17 00:33:37
1,405,0.053658727556467056,2019-02-17 00:33:37
1,406,0.05359291657805443,2019-02-17 00:33:37
1,407,0.053527284413576126,2019-02-17 00:33:37
1,408,0.05346176028251648,2019-02-17 00:33:37
1,409,0.05339648574590683,2019-02-17 00:33:37
1,410,0.053331244736909866,2019-02-17 00:33:37
1,411,0.05326606705784798,2019-02-17 00:33:37
1,412,0.05320099741220474,2019-02-17 00:33:37
1,413,0.05313601344823837,2019-02-17 00:33:37
1,414,0.05307124927639961,2019-02-17 00:33:37
1,415,0.053006723523139954,2019-02-17 00:33:37
1,416,0.05294230952858925,2019-02-17 00:33:37
1,417,0.05287804454565048,2019-02-17 00:33:37
1,418,0.052813973277807236,2019-02-17 00:33:37
1,419,0.05275001376867294,2019-02-17 00:33:37
1,420,0.05268622562289238,2019-02-17 00:33:37
1,421,0.05262259021401405,2019-02-17 00:33:37
1,422,0.052558787167072296,2019-02-17 00:33:37
1,423,0.05249493569135666,2019-02-17 00:33:37
1,424,0.05243094265460968,2019-02-17 00:33:37
1,425,0.0523669607937336,2019-02-17 00:33:37
1,426,0.052303142845630646,2019-02-17 00:33:37
1,427,0.05223926901817322,2019-02-17 00:33:37
1,428,0.052175626158714294,2019-02-17 00:33:37
1,429,0.05211203172802925,2019-02-17 00:33:37
1,430,0.05204847455024719,2019-02-17 00:33:37
1,431,0.051985062658786774,2019-02-17 00:33:37
1,432,0.051921818405389786,2019-02-17 00:33:37
1,433,0.05185863375663757,2019-02-17 00:33:37
1,434,0.05179557949304581,2019-02-17 00:33:37
1,435,0.05173260346055031,2019-02-17 00:33:37
1,436,0.05166976898908615,2019-02-17 00:33:37
1,437,0.0516069270670414,2019-02-17 00:33:37
1,438,0.05154437571763992,2019-02-17 00:33:37
1,439,0.0514819510281086,2019-02-17 00:33:37
1,440,0.05141959339380264,2019-02-17 00:33:37
1,441,0.05135730281472206,2019-02-17 00:33:37
1,442,0.05129516124725342,2019-02-17 00:33:37
1,443,0.051233258098363876,2019-02-17 00:33:37
1,444,0.05117103457450867,2019-02-17 00:33:37
1,445,0.05110876262187958,2019-02-17 00:33:37
1,446,0.05104667693376541,2019-02-17 00:33:37
1,447,0.050984736531972885,2019-02-17 00:33:37
1,448,0.05092274397611618,2019-02-17 00:33:37
1,449,0.050860822200775146,2019-02-17 00:33:37
1,450,0.050798993557691574,2019-02-17 00:33:37
1,451,0.0507371760904789,2019-02-17 00:33:37
1,452,0.05067557841539383,2019-02-17 00:33:37
1,453,0.05061402916908264,2019-02-17 00:33:37
1,454,0.05055253580212593,2019-02-17 00:33:37
1,455,0.05049126222729683,2019-02-17 00:33:37
1,456,0.05043017864227295,2019-02-17 00:33:37
1,457,0.05036914348602295,2019-02-17 00:33:37
1,458,0.05030810460448265,2019-02-17 00:33:37
1,459,0.05024731159210205,2019-02-17 00:33:37
1,460,0.05018658563494682,2019-02-17 00:33:37
1,461,0.050125934183597565,2019-02-17 00:33:37
1,462,0.05006551370024681,2019-02-17 00:33:38
1,463,0.050005149096250534,2019-02-17 00:33:38
1,464,0.04994495213031769,2019-02-17 00:33:38
1,465,0.04988488927483559,2019-02-17 00:33:38
1,466,0.049824949353933334,2019-02-17 00:33:38
1,467,0.04976516589522362,2019-02-17 00:33:38
1,468,0.04970564693212509,2019-02-17 00:33:38
1,469,0.04964625835418701,2019-02-17 00:33:38
1,470,0.049586884677410126,2019-02-17 00:33:38
1,471,0.04952763020992279,2019-02-17 00:33:38
1,472,0.04946853592991829,2019-02-17 00:33:38
1,473,0.04940960928797722,2019-02-17 00:33:38
1,474,0.049350813031196594,2019-02-17 00:33:38
1,475,0.04929206520318985,2019-02-17 00:33:38
1,476,0.049233630299568176,2019-02-17 00:33:38
1,477,0.049175262451171875,2019-02-17 00:33:38
1,478,0.049117110669612885,2019-02-17 00:33:38
1,479,0.04905906692147255,2019-02-17 00:33:38
1,480,0.04900113865733147,2019-02-17 00:33:38
1,481,0.048943255096673965,2019-02-17 00:33:38
1,482,0.04888555034995079,2019-02-17 00:33:38
1,483,0.048827920109033585,2019-02-17 00:33:38
1,484,0.04877043887972832,2019-02-17 00:33:38
1,485,0.048712942749261856,2019-02-17 00:33:38
1,486,0.048655521124601364,2019-02-17 00:33:38
1,487,0.04859818145632744,2019-02-17 00:33:38
1,488,0.04854105785489082,2019-02-17 00:33:38
1,489,0.048483945429325104,2019-02-17 00:33:38
1,490,0.04842691123485565,2019-02-17 00:33:38
1,491,0.04837006330490112,2019-02-17 00:33:38
1,492,0.04831324890255928,2019-02-17 00:33:38
1,493,0.04825644567608833,2019-02-17 00:33:38
1,494,0.04819992184638977,2019-02-17 00:33:38
1,495,0.04814329370856285,2019-02-17 00:33:38
1,496,0.04808690771460533,2019-02-17 00:33:38
1,497,0.04803061485290527,2019-02-17 00:33:38
1,498,0.047974567860364914,2019-02-17 00:33:38
1,499,0.04791863262653351,2019-02-17 00:33:38
1,500,0.047862742096185684,2019-02-17 00:33:38
1,501,0.04780697822570801,2019-02-17 00:33:38
1,502,0.04775138199329376,2019-02-17 00:33:38
1,503,0.0476958267390728,2019-02-17 00:33:38
1,504,0.04764030501246452,2019-02-17 00:33:38
1,505,0.04758504405617714,2019-02-17 00:33:38
1,506,0.0475299134850502,2019-02-17 00:33:38
1,507,0.047474827617406845,2019-02-17 00:33:38
1,508,0.047419771552085876,2019-02-17 00:33:38
1,509,0.04736483842134476,2019-02-17 00:33:38
1,510,0.04731002822518349,2019-02-17 00:33:38
1,511,0.047255437821149826,2019-02-17 00:33:38
1,512,0.04720090702176094,2019-02-17 00:33:38
1,513,0.04714645445346832,2019-02-17 00:33:38
1,514,0.047092076390981674,2019-02-17 00:33:38
1,515,0.047037869691848755,2019-02-17 00:33:38
1,516,0.0469837449491024,2019-02-17 00:33:38
1,517,0.04692975431680679,2019-02-17 00:33:38
1,518,0.046875838190317154,2019-02-17 00:33:38
1,519,0.04682210460305214,2019-02-17 00:33:38
1,520,0.04676845669746399,2019-02-17 00:33:38
1,521,0.04671494662761688,2019-02-17 00:33:38
1,522,0.04666157811880112,2019-02-17 00:33:38
1,523,0.0466083362698555,2019-02-17 00:33:38
1,524,0.046555206179618835,2019-02-17 00:33:38
1,525,0.04650214686989784,2019-02-17 00:33:38
1,526,0.0464492067694664,2019-02-17 00:33:38
1,527,0.046396441757678986,2019-02-17 00:33:38
1,528,0.04634377360343933,2019-02-17 00:33:38
1,529,0.04629112407565117,2019-02-17 00:33:38
1,530,0.04623865336179733,2019-02-17 00:33:38
1,531,0.046186305582523346,2019-02-17 00:33:38
1,532,0.04613412916660309,2019-02-17 00:33:38
1,533,0.04608198627829552,2019-02-17 00:33:38
1,534,0.04602981358766556,2019-02-17 00:33:38
1,535,0.04597781226038933,2019-02-17 00:33:38
1,536,0.04592599719762802,2019-02-17 00:33:38
1,537,0.04587434232234955,2019-02-17 00:33:38
1,538,0.045822739601135254,2019-02-17 00:33:38
1,539,0.04577124863862991,2019-02-17 00:33:38
1,540,0.04571995884180069,2019-02-17 00:33:38
1,541,0.045668695122003555,2019-02-17 00:33:38
1,542,0.04561746492981911,2019-02-17 00:33:38
1,543,0.04556633159518242,2019-02-17 00:33:38
1,544,0.045515261590480804,2019-02-17 00:33:38
1,545,0.045464277267456055,2019-02-17 00:33:38
1,546,0.045413270592689514,2019-02-17 00:33:38
1,547,0.04536230489611626,2019-02-17 00:33:38
1,548,0.04531152546405792,2019-02-17 00:33:39
1,549,0.045260775834321976,2019-02-17 00:33:39
1,550,0.04521011933684349,2019-02-17 00:33:39
1,551,0.045159537345170975,2019-02-17 00:33:39
1,552,0.045109089463949203,2019-02-17 00:33:39
1,553,0.045058682560920715,2019-02-17 00:33:39
1,554,0.045008350163698196,2019-02-17 00:33:39
1,555,0.044958215206861496,2019-02-17 00:33:39
1,556,0.04490812122821808,2019-02-17 00:33:39
1,557,0.044858139008283615,2019-02-17 00:33:39
1,558,0.04480818286538124,2019-02-17 00:33:39
1,559,0.04475843533873558,2019-02-17 00:33:39
1,560,0.044708501547575,2019-02-17 00:33:39
1,561,0.04465871676802635,2019-02-17 00:33:39
1,562,0.044609058648347855,2019-02-17 00:33:39
1,563,0.044559355825185776,2019-02-17 00:33:39
1,564,0.04450981318950653,2019-02-17 00:33:39
1,565,0.044460274279117584,2019-02-17 00:33:39
1,566,0.044410888105630875,2019-02-17 00:33:39
1,567,0.04436153918504715,2019-02-17 00:33:39
1,568,0.04431239515542984,2019-02-17 00:33:39
1,569,0.044263288378715515,2019-02-17 00:33:39
1,570,0.04421431943774223,2019-02-17 00:33:39
1,571,0.04416549205780029,2019-02-17 00:33:39
1,572,0.044116728007793427,2019-02-17 00:33:39
1,573,0.04406806454062462,2019-02-17 00:33:39
1,574,0.04401957243680954,2019-02-17 00:33:39
1,575,0.04397105053067207,2019-02-17 00:33:39
1,576,0.043922699987888336,2019-02-17 00:33:39
1,577,0.04387442395091057,2019-02-17 00:33:39
1,578,0.04382629320025444,2019-02-17 00:33:39
1,579,0.043778371065855026,2019-02-17 00:33:39
1,580,0.04373050481081009,2019-02-17 00:33:39
1,581,0.043682679533958435,2019-02-17 00:33:39
1,582,0.0436350479722023,2019-02-17 00:33:39
1,583,0.04358748719096184,2019-02-17 00:33:39
1,584,0.04354007542133331,2019-02-17 00:33:39
1,585,0.043492767959833145,2019-02-17 00:33:39
1,586,0.04344554245471954,2019-02-17 00:33:39
1,587,0.0433984138071537,2019-02-17 00:33:39
1,588,0.04335131123661995,2019-02-17 00:33:39
1,589,0.04330449551343918,2019-02-17 00:33:39
1,590,0.0432576946914196,2019-02-17 00:33:39
1,591,0.04321098327636719,2019-02-17 00:33:39
1,592,0.04316429793834686,2019-02-17 00:33:39
1,593,0.04311784729361534,2019-02-17 00:33:39
1,594,0.043071500957012177,2019-02-17 00:33:39
1,595,0.043025292456150055,2019-02-17 00:33:39
1,596,0.04297909885644913,2019-02-17 00:33:39
1,597,0.04293297603726387,2019-02-17 00:33:39
1,598,0.042886923998594284,2019-02-17 00:33:39
1,599,0.042840901762247086,2019-02-17 00:33:39
1,600,0.04279507324099541,2019-02-17 00:33:39
1,601,0.04274928197264671,2019-02-17 00:33:39
1,602,0.042703479528427124,2019-02-17 00:33:39
1,603,0.04265788197517395,2019-02-17 00:33:39
1,604,0.04261220246553421,2019-02-17 00:33:39
1,605,0.04256664216518402,2019-02-17 00:33:39
1,606,0.042521122843027115,2019-02-17 00:33:39
1,607,0.042475733906030655,2019-02-17 00:33:39
1,608,0.042430419474840164,2019-02-17 00:33:39
1,609,0.04238510504364967,2019-02-17 00:33:39
1,610,0.0423399955034256,2019-02-17 00:33:39
1,611,0.04229496791958809,2019-02-17 00:33:39
1,612,0.04224998131394386,2019-02-17 00:33:39
1,613,0.04220518469810486,2019-02-17 00:33:39
1,614,0.04216039925813675,2019-02-17 00:33:39
1,615,0.04211559146642685,2019-02-17 00:33:39
1,616,0.042071059346199036,2019-02-17 00:33:39
1,617,0.04202650487422943,2019-02-17 00:33:39
1,618,0.0419820174574852,2019-02-17 00:33:39
1,619,0.04193760082125664,2019-02-17 00:33:39
1,620,0.041893232613801956,2019-02-17 00:33:39
1,621,0.04184890538454056,2019-02-17 00:33:39
1,622,0.04180464893579483,2019-02-17 00:33:39
1,623,0.0417604073882103,2019-02-17 00:33:39
1,624,0.041716255247592926,2019-02-17 00:33:39
1,625,0.041672151535749435,2019-02-17 00:33:39
1,626,0.041628170758485794,2019-02-17 00:33:39
1,627,0.04158422723412514,2019-02-17 00:33:39
1,628,0.04154036566615105,2019-02-17 00:33:39
1,629,0.04149641469120979,2019-02-17 00:33:39
1,630,0.04145244136452675,2019-02-17 00:33:39
1,631,0.04140858352184296,2019-02-17 00:33:39
1,632,0.04136477783322334,2019-02-17 00:33:39
1,633,0.04132099822163582,2019-02-17 00:33:39
1,634,0.041277382522821426,2019-02-17 00:33:39
1,635,0.041233766824007034,2019-02-17 00:33:40
1,636,0.04119020327925682,2019-02-17 00:33:40
1,637,0.04114687442779541,2019-02-17 00:33:40
1,638,0.04110357537865639,2019-02-17 00:33:40
1,639,0.04106029123067856,2019-02-17 00:33:40
1,640,0.04101704806089401,2019-02-17 00:33:40
1,641,0.040973957628011703,2019-02-17 00:33:40
1,642,0.040930960327386856,2019-02-17 00:33:40
1,643,0.040887974202632904,2019-02-17 00:33:40
1,644,0.0408451184630394,2019-02-17 00:33:40
1,645,0.04080232232809067,2019-02-17 00:33:40
1,646,0.040759507566690445,2019-02-17 00:33:40
1,647,0.04071692377328873,2019-02-17 00:33:40
1,648,0.0406743623316288,2019-02-17 00:33:40
1,649,0.040631841868162155,2019-02-17 00:33:40
1,650,0.040589526295661926,2019-02-17 00:33:40
1,651,0.04054728522896767,2019-02-17 00:33:40
1,652,0.040505051612854004,2019-02-17 00:33:40
1,653,0.040463004261255264,2019-02-17 00:33:40
1,654,0.040421012789011,2019-02-17 00:33:40
1,655,0.040379125624895096,2019-02-17 00:33:40
1,656,0.04033708944916725,2019-02-17 00:33:40
1,657,0.04029511287808418,2019-02-17 00:33:40
1,658,0.04025330767035484,2019-02-17 00:33:40
1,659,0.04021149501204491,2019-02-17 00:33:40
1,660,0.04016970098018646,2019-02-17 00:33:40
1,661,0.04012802243232727,2019-02-17 00:33:40
1,662,0.040086373686790466,2019-02-17 00:33:40
1,663,0.04004477709531784,2019-02-17 00:33:40
1,664,0.04000311344861984,2019-02-17 00:33:40
1,665,0.03996146097779274,2019-02-17 00:33:40
1,666,0.03991977870464325,2019-02-17 00:33:40
1,667,0.03987827152013779,2019-02-17 00:33:40
1,668,0.0398368164896965,2019-02-17 00:33:40
1,669,0.03979542851448059,2019-02-17 00:33:40
1,670,0.03975406661629677,2019-02-17 00:33:40
1,671,0.039712801575660706,2019-02-17 00:33:40
1,672,0.03967154026031494,2019-02-17 00:33:40
1,673,0.03963055461645126,2019-02-17 00:33:40
1,674,0.03958950191736221,2019-02-17 00:33:40
1,675,0.03954849764704704,2019-02-17 00:33:40
1,676,0.03950753062963486,2019-02-17 00:33:40
1,677,0.0394667387008667,2019-02-17 00:33:40
1,678,0.03942595794796944,2019-02-17 00:33:40
1,679,0.03938520327210426,2019-02-17 00:33:40
1,680,0.039344530552625656,2019-02-17 00:33:40
1,681,0.03930405154824257,2019-02-17 00:33:40
1,682,0.03926350548863411,2019-02-17 00:33:40
1,683,0.03922277316451073,2019-02-17 00:33:40
1,684,0.03918204829096794,2019-02-17 00:33:40
1,685,0.039141472429037094,2019-02-17 00:33:40
1,686,0.03910098224878311,2019-02-17 00:33:40
1,687,0.039060454815626144,2019-02-17 00:33:40
1,688,0.03901996091008186,2019-02-17 00:33:40
1,689,0.03897945582866669,2019-02-17 00:33:40
1,690,0.03893911466002464,2019-02-17 00:33:40
1,691,0.03889874368906021,2019-02-17 00:33:40
1,692,0.03885839134454727,2019-02-17 00:33:40
1,693,0.03881824016571045,2019-02-17 00:33:40
1,694,0.038778044283390045,2019-02-17 00:33:40
1,695,0.03873791545629501,2019-02-17 00:33:40
1,696,0.03869781643152237,2019-02-17 00:33:40
1,697,0.03865773230791092,2019-02-17 00:33:40
1,698,0.038617607206106186,2019-02-17 00:33:40
1,699,0.038577575236558914,2019-02-17 00:33:40
1,700,0.03853779658675194,2019-02-17 00:33:40
1,701,0.038497939705848694,2019-02-17 00:33:40
1,702,0.03845800459384918,2019-02-17 00:33:40
1,703,0.03841819614171982,2019-02-17 00:33:40
1,704,0.03837844729423523,2019-02-17 00:33:40
1,705,0.03833862021565437,2019-02-17 00:33:40
1,706,0.03829897195100784,2019-02-17 00:33:40
1,707,0.03825947269797325,2019-02-17 00:33:40
1,708,0.038219962269067764,2019-02-17 00:33:40
1,709,0.03818054869771004,2019-02-17 00:33:40
1,710,0.0381411574780941,2019-02-17 00:33:40
1,711,0.038101837038993835,2019-02-17 00:33:40
1,712,0.03806254640221596,2019-02-17 00:33:40
1,713,0.03802337124943733,2019-02-17 00:33:40
1,714,0.03798425570130348,2019-02-17 00:33:40
1,715,0.03794515132904053,2019-02-17 00:33:40
1,716,0.03790617361664772,2019-02-17 00:33:40
1,717,0.03786720335483551,2019-02-17 00:33:40
1,718,0.03782828524708748,2019-02-17 00:33:40
1,719,0.03778936341404915,2019-02-17 00:33:40
1,720,0.03775066137313843,2019-02-17 00:33:40
1,721,0.03771195560693741,2019-02-17 00:33:41
1,722,0.03767326846718788,2019-02-17 00:33:41
1,723,0.03763462230563164,2019-02-17 00:33:41
1,724,0.03759605810046196,2019-02-17 00:33:41
1,725,0.03755757957696915,2019-02-17 00:33:41
1,726,0.0375191792845726,2019-02-17 00:33:41
1,727,0.03748069703578949,2019-02-17 00:33:41
1,728,0.03744248300790787,2019-02-17 00:33:41
1,729,0.03740431368350983,2019-02-17 00:33:41
1,730,0.03736621141433716,2019-02-17 00:33:41
1,731,0.0373280793428421,2019-02-17 00:33:41
1,732,0.037290170788764954,2019-02-17 00:33:41
1,733,0.03725229948759079,2019-02-17 00:33:41
1,734,0.03721446543931961,2019-02-17 00:33:41
1,735,0.03717677295207977,2019-02-17 00:33:41
1,736,0.037139181047677994,2019-02-17 00:33:41
1,737,0.0371016263961792,2019-02-17 00:33:41
1,738,0.0370640829205513,2019-02-17 00:33:41
1,739,0.03702655807137489,2019-02-17 00:33:41
1,740,0.0369892418384552,2019-02-17 00:33:41
1,741,0.03695191815495491,2019-02-17 00:33:41
1,742,0.03691472113132477,2019-02-17 00:33:41
1,743,0.03687753528356552,2019-02-17 00:33:41
1,744,0.036840420216321945,2019-02-17 00:33:41
1,745,0.03680342808365822,2019-02-17 00:33:41
1,746,0.03676653653383255,2019-02-17 00:33:41
1,747,0.03672964870929718,2019-02-17 00:33:41
1,748,0.03669280186295509,2019-02-17 00:33:41
1,749,0.0366559699177742,2019-02-17 00:33:41
1,750,0.03661924600601196,2019-02-17 00:33:41
1,751,0.03658260777592659,2019-02-17 00:33:41
1,752,0.03654591366648674,2019-02-17 00:33:41
1,753,0.03650940954685211,2019-02-17 00:33:41
1,754,0.036472830921411514,2019-02-17 00:33:41
1,755,0.03643620386719704,2019-02-17 00:33:41
1,756,0.036399804055690765,2019-02-17 00:33:41
1,757,0.03636347874999046,2019-02-17 00:33:41
1,758,0.03632709011435509,2019-02-17 00:33:41
1,759,0.03629074618220329,2019-02-17 00:33:41
1,760,0.036254506558179855,2019-02-17 00:33:41
1,761,0.03621826320886612,2019-02-17 00:33:41
1,762,0.03618205338716507,2019-02-17 00:33:41
1,763,0.03614599630236626,2019-02-17 00:33:41
1,764,0.036109913140535355,2019-02-17 00:33:41
1,765,0.03607388213276863,2019-02-17 00:33:41
1,766,0.03603791445493698,2019-02-17 00:33:41
1,767,0.036001913249492645,2019-02-17 00:33:41
1,768,0.035966046154499054,2019-02-17 00:33:41
1,769,0.03593016043305397,2019-02-17 00:33:41
1,770,0.03589421883225441,2019-02-17 00:33:41
1,771,0.03585844859480858,2019-02-17 00:33:41
1,772,0.03582274913787842,2019-02-17 00:33:41
1,773,0.03578711673617363,2019-02-17 00:33:41
1,774,0.03575161099433899,2019-02-17 00:33:41
1,775,0.03571613132953644,2019-02-17 00:33:41
1,776,0.03568064048886299,2019-02-17 00:33:41
1,777,0.03564535081386566,2019-02-17 00:33:41
1,778,0.03561006486415863,2019-02-17 00:33:41
1,779,0.03557487949728966,2019-02-17 00:33:41
1,780,0.03553970158100128,2019-02-17 00:33:41
1,781,0.035504572093486786,2019-02-17 00:33:41
1,782,0.03546953201293945,2019-02-17 00:33:41
1,783,0.03543452173471451,2019-02-17 00:33:41
1,784,0.035399653017520905,2019-02-17 00:33:41
1,785,0.03536487743258476,2019-02-17 00:33:41
1,786,0.03533005714416504,2019-02-17 00:33:41
1,787,0.03529532253742218,2019-02-17 00:33:41
1,788,0.035260748118162155,2019-02-17 00:33:41
1,789,0.03522619977593422,2019-02-17 00:33:41
1,790,0.03519173339009285,2019-02-17 00:33:41
1,791,0.03515733778476715,2019-02-17 00:33:41
1,792,0.03512296825647354,2019-02-17 00:33:41
1,793,0.03508877009153366,2019-02-17 00:33:41
1,794,0.03505459427833557,2019-02-17 00:33:41
1,795,0.035020533949136734,2019-02-17 00:33:41
1,796,0.034986503422260284,2019-02-17 00:33:41
1,797,0.03495257347822189,2019-02-17 00:33:41
1,798,0.03491868078708649,2019-02-17 00:33:41
1,799,0.03488490730524063,2019-02-17 00:33:41
1,800,0.03485119715332985,2019-02-17 00:33:41
1,801,0.034817490726709366,2019-02-17 00:33:41
1,802,0.03478393703699112,2019-02-17 00:33:41
1,803,0.03475048765540123,2019-02-17 00:33:41
1,804,0.034717049449682236,2019-02-17 00:33:41
1,805,0.03468375280499458,2019-02-17 00:33:41
1,806,0.034650348126888275,2019-02-17 00:33:41
1,807,0.034617021679878235,2019-02-17 00:33:41
1,808,0.034583624452352524,2019-02-17 00:33:41
1,809,0.03455043584108353,2019-02-17 00:33:42
1,810,0.03451734408736229,2019-02-17 00:33:42
1,811,0.034484315663576126,2019-02-17 00:33:42
1,812,0.034451283514499664,2019-02-17 00:33:42
1,813,0.03441841900348663,2019-02-17 00:33:42
1,814,0.03438558802008629,2019-02-17 00:33:42
1,815,0.03435273841023445,2019-02-17 00:33:42
1,816,0.03432001918554306,2019-02-17 00:33:42
1,817,0.03428737819194794,2019-02-17 00:33:42
1,818,0.0342547670006752,2019-02-17 00:33:42
1,819,0.03422214090824127,2019-02-17 00:33:42
1,820,0.034189384430646896,2019-02-17 00:33:42
1,821,0.034156691282987595,2019-02-17 00:33:42
1,822,0.03412409871816635,2019-02-17 00:33:42
1,823,0.03409156575798988,2019-02-17 00:33:42
1,824,0.03405898064374924,2019-02-17 00:33:42
1,825,0.034026533365249634,2019-02-17 00:33:42
1,826,0.03399411961436272,2019-02-17 00:33:42
1,827,0.033961743116378784,2019-02-17 00:33:42
1,828,0.03392940014600754,2019-02-17 00:33:42
1,829,0.03389719873666763,2019-02-17 00:33:42
1,830,0.033865056931972504,2019-02-17 00:33:42
1,831,0.033833056688308716,2019-02-17 00:33:42
1,832,0.033800944685935974,2019-02-17 00:33:42
1,833,0.03376900032162666,2019-02-17 00:33:42
1,834,0.03373710438609123,2019-02-17 00:33:42
1,835,0.03370525315403938,2019-02-17 00:33:42
1,836,0.03367344290018082,2019-02-17 00:33:42
1,837,0.03364182263612747,2019-02-17 00:33:42
1,838,0.03361023589968681,2019-02-17 00:33:42
1,839,0.03357859328389168,2019-02-17 00:33:42
1,840,0.03354714810848236,2019-02-17 00:33:42
1,841,0.03351566195487976,2019-02-17 00:33:42
1,842,0.033484362065792084,2019-02-17 00:33:42
1,843,0.03345301374793053,2019-02-17 00:33:42
1,844,0.033421680331230164,2019-02-17 00:33:42
1,845,0.03339044749736786,2019-02-17 00:33:42
1,846,0.03335922583937645,2019-02-17 00:33:42
1,847,0.033327970653772354,2019-02-17 00:33:42
1,848,0.033296871930360794,2019-02-17 00:33:42
1,849,0.03326573595404625,2019-02-17 00:33:42
1,850,0.033234626054763794,2019-02-17 00:33:42
1,851,0.03320356458425522,2019-02-17 00:33:42
1,852,0.03317253664135933,2019-02-17 00:33:42
1,853,0.03314158692955971,2019-02-17 00:33:42
1,854,0.033110544085502625,2019-02-17 00:33:42
1,855,0.03307965397834778,2019-02-17 00:33:42
1,856,0.03304888680577278,2019-02-17 00:33:42
1,857,0.03301813080906868,2019-02-17 00:33:42
1,858,0.032987382262945175,2019-02-17 00:33:42
1,859,0.032956745475530624,2019-02-17 00:33:42
1,860,0.032926157116889954,2019-02-17 00:33:42
1,861,0.032895591109991074,2019-02-17 00:33:42
1,862,0.032865121960639954,2019-02-17 00:33:42
1,863,0.03283466771245003,2019-02-17 00:33:42
1,864,0.032804206013679504,2019-02-17 00:33:42
1,865,0.032773904502391815,2019-02-17 00:33:42
1,866,0.03274361789226532,2019-02-17 00:33:42
1,867,0.032713424414396286,2019-02-17 00:33:42
1,868,0.03268326818943024,2019-02-17 00:33:42
1,869,0.03265315294265747,2019-02-17 00:33:42
1,870,0.032623156905174255,2019-02-17 00:33:42
1,871,0.0325932614505291,2019-02-17 00:33:42
1,872,0.03256335109472275,2019-02-17 00:33:42
1,873,0.0325334258377552,2019-02-17 00:33:42
1,874,0.0325036346912384,2019-02-17 00:33:42
1,875,0.032473985105752945,2019-02-17 00:33:42
1,876,0.03244425728917122,2019-02-17 00:33:42
1,877,0.03241467848420143,2019-02-17 00:33:42
1,878,0.03238506242632866,2019-02-17 00:33:42
1,879,0.03235549107193947,2019-02-17 00:33:42
1,880,0.03232599422335625,2019-02-17 00:33:42
1,881,0.03229648619890213,2019-02-17 00:33:42
1,882,0.03226708248257637,2019-02-17 00:33:42
1,883,0.03223765641450882,2019-02-17 00:33:42
1,884,0.03220823407173157,2019-02-17 00:33:42
1,885,0.032178886234760284,2019-02-17 00:33:42
1,886,0.03214951604604721,2019-02-17 00:33:42
1,887,0.03212028369307518,2019-02-17 00:33:42
1,888,0.032091084867715836,2019-02-17 00:33:42
1,889,0.03206177055835724,2019-02-17 00:33:42
1,890,0.0320325568318367,2019-02-17 00:33:42
1,891,0.03200341388583183,2019-02-17 00:33:42
1,892,0.031974390149116516,2019-02-17 00:33:42
1,893,0.031945232301950455,2019-02-17 00:33:42
1,894,0.03191620856523514,2019-02-17 00:33:42
1,895,0.03188728913664818,2019-02-17 00:33:42
1,896,0.03185829520225525,2019-02-17 00:33:43
1,897,0.031829431653022766,2019-02-17 00:33:43
1,898,0.03180057555437088,2019-02-17 00:33:43
1,899,0.03177168220281601,2019-02-17 00:33:43
1,900,0.03174293413758278,2019-02-17 00:33:43
1,901,0.03171421214938164,2019-02-17 00:33:43
1,902,0.031685471534729004,2019-02-17 00:33:43
1,903,0.03165680915117264,2019-02-17 00:33:43
1,904,0.03162825107574463,2019-02-17 00:33:43
1,905,0.03159954398870468,2019-02-17 00:33:43
1,906,0.03157096356153488,2019-02-17 00:33:43
1,907,0.03154249116778374,2019-02-17 00:33:43
1,908,0.03151389956474304,2019-02-17 00:33:43
1,909,0.031485483050346375,2019-02-17 00:33:43
1,910,0.03145706653594971,2019-02-17 00:33:43
1,911,0.031428638845682144,2019-02-17 00:33:43
1,912,0.03140027076005936,2019-02-17 00:33:43
1,913,0.03137198090553284,2019-02-17 00:33:43
1,914,0.031343698501586914,2019-02-17 00:33:43
1,915,0.031315483152866364,2019-02-17 00:33:43
1,916,0.03128722682595253,2019-02-17 00:33:43
1,917,0.03125915676355362,2019-02-17 00:33:43
1,918,0.031230999156832695,2019-02-17 00:33:43
1,919,0.03120286948978901,2019-02-17 00:33:43
1,920,0.03117476776242256,2019-02-17 00:33:43
1,921,0.03114674612879753,2019-02-17 00:33:43
1,922,0.03111869841814041,2019-02-17 00:33:43
1,923,0.031090663745999336,2019-02-17 00:33:43
1,924,0.03106280416250229,2019-02-17 00:33:43
1,925,0.03103487379848957,2019-02-17 00:33:43
1,926,0.031007038429379463,2019-02-17 00:33:43
1,927,0.030979229137301445,2019-02-17 00:33:43
1,928,0.030951563268899918,2019-02-17 00:33:43
1,929,0.030923884361982346,2019-02-17 00:33:43
1,930,0.03089621290564537,2019-02-17 00:33:43
1,931,0.030868669971823692,2019-02-17 00:33:43
1,932,0.030841169878840446,2019-02-17 00:33:43
1,933,0.030813604593276978,2019-02-17 00:33:43
1,934,0.030786288902163506,2019-02-17 00:33:43
1,935,0.030758894979953766,2019-02-17 00:33:43
1,936,0.030731556937098503,2019-02-17 00:33:43
1,937,0.030704135075211525,2019-02-17 00:33:43
1,938,0.030676936730742455,2019-02-17 00:33:43
1,939,0.030649658292531967,2019-02-17 00:33:43
1,940,0.030622432008385658,2019-02-17 00:33:43
1,941,0.030595265328884125,2019-02-17 00:33:43
1,942,0.03056822530925274,2019-02-17 00:33:43
1,943,0.03054109588265419,2019-02-17 00:33:43
1,944,0.030514046549797058,2019-02-17 00:33:43
1,945,0.030487079173326492,2019-02-17 00:33:43
1,946,0.03046012856066227,2019-02-17 00:33:43
1,947,0.03043334372341633,2019-02-17 00:33:43
1,948,0.030406497418880463,2019-02-17 00:33:43
1,949,0.030379749834537506,2019-02-17 00:33:43
1,950,0.03035302460193634,2019-02-17 00:33:43
1,951,0.03032629005610943,2019-02-17 00:33:43
1,952,0.030299754813313484,2019-02-17 00:33:43
1,953,0.03027312271296978,2019-02-17 00:33:43
1,954,0.030246566981077194,2019-02-17 00:33:43
1,955,0.03022014908492565,2019-02-17 00:33:43
1,956,0.030193733051419258,2019-02-17 00:33:43
1,957,0.03016735427081585,2019-02-17 00:33:43
1,958,0.03014099784195423,2019-02-17 00:33:43
1,959,0.03011474199593067,2019-02-17 00:33:43
1,960,0.030088478699326515,2019-02-17 00:33:43
1,961,0.03006221540272236,2019-02-17 00:33:43
1,962,0.030036048963665962,2019-02-17 00:33:43
1,963,0.030009908601641655,2019-02-17 00:33:43
1,964,0.02998390607535839,2019-02-17 00:33:43
1,965,0.029957765713334084,2019-02-17 00:33:43
1,966,0.02993168495595455,2019-02-17 00:33:43
1,967,0.029905786737799644,2019-02-17 00:33:43
1,968,0.029879845678806305,2019-02-17 00:33:43
1,969,0.02985389344394207,2019-02-17 00:33:43
1,970,0.029828036203980446,2019-02-17 00:33:43
1,971,0.02980225160717964,2019-02-17 00:33:43
1,972,0.02977646514773369,2019-02-17 00:33:43
1,973,0.02975068986415863,2019-02-17 00:33:43
1,974,0.029725024476647377,2019-02-17 00:33:43
1,975,0.029699275270104408,2019-02-17 00:33:43
1,976,0.02967362105846405,2019-02-17 00:33:43
1,977,0.02964797429740429,2019-02-17 00:33:43
1,978,0.029622333124279976,2019-02-17 00:33:43
1,979,0.02959676831960678,2019-02-17 00:33:43
1,980,0.02957126311957836,2019-02-17 00:33:43
1,981,0.02954568900167942,2019-02-17 00:33:43
1,982,0.029520215466618538,2019-02-17 00:33:43
1,983,0.029494861140847206,2019-02-17 00:33:44
1,984,0.029469454661011696,2019-02-17 00:33:44
1,985,0.02944408357143402,2019-02-17 00:33:44
1,986,0.029418818652629852,2019-02-17 00:33:44
1,987,0.029393581673502922,2019-02-17 00:33:44
1,988,0.029368413612246513,2019-02-17 00:33:44
1,989,0.029343262314796448,2019-02-17 00:33:44
1,990,0.029318135231733322,2019-02-17 00:33:44
1,991,0.029293034225702286,2019-02-17 00:33:44
1,992,0.029267968609929085,2019-02-17 00:33:44
1,993,0.02924295701086521,2019-02-17 00:33:44
1,994,0.029217975214123726,2019-02-17 00:33:44
1,995,0.029192987829446793,2019-02-17 00:33:44
1,996,0.029168030247092247,2019-02-17 00:33:44
1,997,0.02914324402809143,2019-02-17 00:33:44
1,998,0.029118375852704048,2019-02-17 00:33:44
1,999,0.02909356728196144,2019-02-17 00:33:44
